,podcast,episode_num,date_published,year_published,views,likes,comments,video_title
339,Your Mom's House,330.0,2016-02-10,2016,156065,2213,452,Your Mom's House Podcast - Episode 330 -
338,Your Mom's House,331.0,2016-02-17,2016,121788,1701,238,Your Mom's House Podcast - Episode 331
337,Your Mom's House,332.0,2016-02-24,2016,158011,1734,228,Your Mom's House Podcast - Ep. 332
336,Your Mom's House,333.0,2016-03-02,2016,232364,3454,429,Your Mom's House Podcast - Ep. 333
335,Your Mom's House,334.0,2016-03-10,2016,139771,1935,220,Your Mom's House Podcast - Ep. 334
334,Your Mom's House,335.0,2016-03-16,2016,118103,1395,172,Your Mom's House Podcast - Ep. 335
333,Your Mom's House,336.0,2016-03-23,2016,121903,1548,184,Your Mom's House Podcast - Ep. 336
332,Your Mom's House,337.0,2016-03-30,2016,112425,1357,188,Your Mom's House Podcast - Ep. 337
331,Your Mom's House,338.0,2016-04-06,2016,137366,1848,261,Your Mom's House Podcast - Ep. 338
330,Your Mom's House,339.0,2016-04-13,2016,155234,1935,269,Your Mom's House Podcast - Ep. 339
329,Your Mom's House,340.0,2016-04-20,2016,119791,1657,225,Your Mom's House Podcast - Ep. 340
328,Your Mom's House,341.0,2016-04-27,2016,151069,2094,303,Your Mom's House Podcast - Ep. 341
327,Your Mom's House,342.0,2016-05-04,2016,146563,1748,292,Your Mom's House Podcast - Ep. 342
326,Your Mom's House,343.0,2016-05-11,2016,114231,1430,194,Your Mom's House Podcast - Ep. 343
325,Your Mom's House,344.0,2016-05-18,2016,135562,1574,254,Your Mom's House Podcast - Ep. 344
22,Your Mom's House,1.0,2016-05-19,2016,83768,1537,275,Classic Jeans - 001
324,Your Mom's House,345.0,2016-05-25,2016,49070,654,150,Your Mom's House Podcast - Ep. 345
21,Your Mom's House,2.0,2016-05-26,2016,37321,586,91,Classic Jeans - 002
323,Your Mom's House,346.0,2016-06-01,2016,122957,1704,241,Your Mom's House Podcast - Ep. 346
20,Your Mom's House,3.0,2016-06-02,2016,19510,341,59,Classic Jeans 003
322,Your Mom's House,347.0,2016-06-08,2016,127309,1691,255,Your Mom's House Podcast - Ep. 347
19,Your Mom's House,4.0,2016-06-09,2016,22210,330,29,Classic Jeans - 004
321,Your Mom's House,348.0,2016-06-15,2016,126496,1432,209,Your Mom's House Podcast - Ep. 348
18,Your Mom's House,5.0,2016-06-16,2016,17354,267,20,Classic Jeans - 005
320,Your Mom's House,349.0,2016-06-22,2016,111756,1419,211,Your Mom's House Podcast - Ep. 349
17,Your Mom's House,6.0,2016-06-23,2016,10789,207,16,Classic Jeans - Ep. 006
319,Your Mom's House,350.0,2016-06-29,2016,147486,2159,286,Your Mom's House Podcast - Ep. 350
16,Your Mom's House,7.0,2016-06-30,2016,16594,243,53,Classic Jeans - Ep. 007
318,Your Mom's House,351.0,2016-07-06,2016,123322,1472,213,Your Mom's House Podcast - Ep. 351
15,Your Mom's House,8.0,2016-07-07,2016,11449,165,27,Classic Jeans - Ep. 008
317,Your Mom's House,352.0,2016-07-13,2016,157814,1721,272,Your Mom's House Podcast - Ep. 352
14,Your Mom's House,9.0,2016-07-14,2016,11245,166,25,Classic Jeans - Ep. 009
316,Your Mom's House,353.0,2016-07-20,2016,112886,1367,256,Your Mom's House Podcast - Ep. 353
13,Your Mom's House,10.0,2016-07-21,2016,11670,169,16,Classic Jeans - Ep. 010
315,Your Mom's House,354.0,2016-07-27,2016,110345,1343,224,Your Mom's House Podcast - Ep. 354
12,Your Mom's House,11.0,2016-07-28,2016,9206,146,15,Classic Jeans - Ep. 011
314,Your Mom's House,355.0,2016-08-03,2016,83470,1181,202,Your Mom's House Podcast - Ep. 355
11,Your Mom's House,12.0,2016-08-04,2016,15986,261,39,Classic Jeans - Ep. 012
313,Your Mom's House,356.0,2016-08-10,2016,139987,1624,310,Your Mom's House Podcast - Ep. 356
10,Your Mom's House,13.0,2016-08-11,2016,14987,212,16,Classic Jeans - Ep. 013
312,Your Mom's House,357.0,2016-08-17,2016,129188,1563,199,Your Mom's House Podcast - Ep. 357
9,Your Mom's House,14.0,2016-08-18,2016,12366,187,25,Classic Jeans - Ep. 014
311,Your Mom's House,358.0,2016-08-24,2016,137944,1680,264,Your Mom's House Podcast - Ep. 358
8,Your Mom's House,15.0,2016-08-25,2016,14466,196,32,Classic Jeans - Ep. 015
310,Your Mom's House,359.0,2016-08-31,2016,127343,1429,257,Your Mom's House Podcast - Ep. 359
7,Your Mom's House,16.0,2016-09-01,2016,11015,144,7,Classic Jeans - Ep. 016
309,Your Mom's House,360.0,2016-09-07,2016,125000,1572,200,Your Mom's House Podcast - Ep. 360
6,Your Mom's House,17.0,2016-09-08,2016,11371,150,17,Classic Jeans - Ep. 017
308,Your Mom's House,361.0,2016-09-14,2016,130046,1626,194,Your Mom's House Podcast - Ep. 361
5,Your Mom's House,18.0,2016-09-16,2016,17950,214,29,Classic Jeans - Ep. 018 w/ Kumail Nanjiani
307,Your Mom's House,362.0,2016-09-21,2016,114794,1328,207,Your Mom's House Podcast - Ep. 362
4,Your Mom's House,19.0,2016-09-22,2016,12032,150,18,Classic Jeans - Ep. 019
306,Your Mom's House,363.0,2016-09-28,2016,141344,1484,224,Your Mom's House Podcast - Ep. 363
3,Your Mom's House,20.0,2016-09-29,2016,16461,214,26,Classic Jeans - Ep. 020 w/ Matt Fulchiron
305,Your Mom's House,364.0,2016-10-05,2016,104466,1272,201,Your Mom's House Podcast - Ep. 364
2,Your Mom's House,21.0,2016-10-06,2016,11947,149,23,Classic Jeans - Ep. 021 w/ Earl Skakel
304,Your Mom's House,365.0,2016-10-12,2016,114061,1409,242,Your Mom's House Podcast - Ep. 365
1,Your Mom's House,22.0,2016-10-13,2016,15607,150,17,Classic Jeans - Ep. 022
303,Your Mom's House,366.0,2016-10-19,2016,113716,1387,187,Your Mom's House Podcast - Ep. 366
0,Your Mom's House,23.0,2016-10-20,2016,25127,183,16,Classic Jeans - Ep. 023 w/ Justin Martindale
302,Your Mom's House,367.0,2016-10-26,2016,115804,1228,207,Your Mom's House Podcast - Ep. 367
301,Your Mom's House,368.0,2016-11-02,2016,189539,2078,292,Your Mom's House Podcast - Ep. 368
300,Your Mom's House,369.0,2016-11-09,2016,130875,1445,221,Your Mom's House Podcast - Ep. 369
299,Your Mom's House,370.0,2016-11-16,2016,106983,1225,138,Your Mom's House Podcast - Ep. 370
298,Your Mom's House,371.0,2016-11-23,2016,63648,688,120,Your Mom's House Podcast - Ep. 371
297,Your Mom's House,372.0,2016-11-30,2016,140708,1692,262,Your Mom's House Podcast - Ep. 372
296,Your Mom's House,373.0,2016-12-07,2016,119128,1343,245,Your Mom's House Podcast - Ep. 373
295,Your Mom's House,374.0,2016-12-14,2016,145624,1563,248,Your Mom's House Podcast - Ep. 374
294,Your Mom's House,375.0,2016-12-21,2016,149731,1721,256,Your Mom's House Podcast - Ep. 375
293,Your Mom's House,376.0,2016-12-28,2016,181963,1748,329,Your Mom's House Podcast - Ep. 376
292,Your Mom's House,377.0,2017-01-04,2017,159701,1906,255,Your Mom's House Podcast - Ep. 377
291,Your Mom's House,378.0,2017-01-11,2017,177333,1996,313,Your Mom's House Podcast - Ep. 378
290,Your Mom's House,379.0,2017-01-18,2017,142195,1819,250,Your Mom's House Podcast - Ep. 379
289,Your Mom's House,380.0,2017-01-25,2017,158612,1925,298,Your Mom's House Podcast - Ep. 380
288,Your Mom's House,381.0,2017-02-01,2017,155552,1952,348,Your Mom's House Podcast - Ep. 381
287,Your Mom's House,382.0,2017-02-08,2017,138255,1743,353,Your Mom's House Podcast - Ep. 382
286,Your Mom's House,383.0,2017-02-15,2017,164430,2000,284,Your Mom's House Podcast - Ep. 383
285,Your Mom's House,384.0,2017-02-22,2017,125298,1609,233,Your Mom's House Podcast - Ep. 384
284,Your Mom's House,385.0,2017-03-01,2017,122580,1434,225,Your Mom's House Podcast - Ep. 385
282,Your Mom's House,386.0,2017-03-08,2017,139908,1634,329,Your Mom's House Podcast - Ep. 386
281,Your Mom's House,387.0,2017-03-15,2017,132979,1544,236,Your Mom's House Podcast - Ep. 387
280,Your Mom's House,388.0,2017-03-22,2017,135402,1665,260,Your Mom's House Podcast - Ep. 388
279,Your Mom's House,389.0,2017-03-29,2017,130737,1558,243,Your Mom's House Podcast - Ep. 389
278,Your Mom's House,390.0,2017-04-05,2017,67357,798,201,Your Mom's House Podcast - Ep. 390
277,Your Mom's House,391.0,2017-04-12,2017,118108,1406,301,Your Mom's House Podcast - Ep. 391
276,Your Mom's House,392.0,2017-04-19,2017,166076,1992,399,Your Mom's House Podcast - Ep. 392
275,Your Mom's House,393.0,2017-04-26,2017,137874,1591,285,Your Mom's House Podcast - Ep. 393
273,Your Mom's House,394.0,2017-05-03,2017,126275,1624,218,Your Mom's House Podcast - Ep. 394
272,Your Mom's House,395.0,2017-05-10,2017,144621,1677,227,Your Mom's House Podcast - Ep. 395
271,Your Mom's House,396.0,2017-05-17,2017,195550,2262,464,Your Mom's House Podcast - Ep. 396 w/ Water Sommelier
270,Your Mom's House,397.0,2017-05-24,2017,3984067,35173,4493,Your Mom's House Podcast - Ep. 397 w/ Joe Rogan
269,Your Mom's House,398.0,2017-05-31,2017,196873,2340,404,Your Mom's House Podcast - Ep. 398
268,Your Mom's House,399.0,2017-06-07,2017,163549,2033,370,Your Mom's House Podcast - Ep. 399
267,Your Mom's House,400.0,2017-06-14,2017,194899,2377,356,Your Mom's House Podcast - Ep. 400
266,Your Mom's House,401.0,2017-06-21,2017,925442,7185,1074,Your Mom's House Podcast - Ep. 401 w/ Ari Shaffir
265,Your Mom's House,402.0,2017-06-28,2017,224519,2951,431,Your Mom's House Podcast w/ Wheeler Walker Jr. - Ep. 402
264,Your Mom's House,403.0,2017-07-05,2017,175930,1902,393,Your Mom's House Podcast - Ep. 403
263,Your Mom's House,404.0,2017-07-12,2017,185413,1947,464,Your Mom's House Podcast - Ep. 404 w/ Sam Tripoli
262,Your Mom's House,405.0,2017-07-19,2017,149984,1588,332,Your Mom's House Podcast - Ep. 405 w/ Brent Weinbach
261,Your Mom's House,406.0,2017-07-26,2017,186482,1792,370,Your Mom's House Podcast - Ep. 406 w/ Yoshi Obayashi
260,Your Mom's House,407.0,2017-08-02,2017,152176,1767,247,Your Mom's House Podcast - Ep. 407
259,Your Mom's House,408.0,2017-08-09,2017,498093,6613,766,Your Mom's House Podcast - Ep. 408 w/ Ms. Pat
258,Your Mom's House,409.0,2017-08-16,2017,153800,1819,325,Your Mom's House Podcast - Ep. 409
257,Your Mom's House,410.0,2017-08-23,2017,152964,1823,278,Your Mom's House Podcast - Ep. 410
256,Your Mom's House,411.0,2017-08-30,2017,167915,1762,300,Your Mom's House Podcast - Ep. 411 w/ Matt Fulchiron
255,Your Mom's House,412.0,2017-09-06,2017,120931,1851,176,Your Mom's House Podcast LIVE! - Ep. 412
254,Your Mom's House,413.0,2017-09-13,2017,614421,5878,696,Your Mom's House Podcast - Ep. 413 w/ Brendan Schaub
253,Your Mom's House,414.0,2017-09-20,2017,147690,1831,460,Your Mom's House Podcast - Ep. 414
252,Your Mom's House,415.0,2017-09-27,2017,181685,2171,288,Your Mom's House Podcast - Ep. 415 w/ Tom Papa
251,Your Mom's House,416.0,2017-10-04,2017,882597,8435,1119,Your Mom's House Podcast - Ep. 416 w/ Bert Kreischer
250,Your Mom's House,417.0,2017-10-11,2017,192943,2417,397,Your Mom's House Podcast - Ep. 417
249,Your Mom's House,418.0,2017-10-18,2017,202442,2374,455,Your Mom's House Podcast - Ep. 418
248,Your Mom's House,419.0,2017-10-25,2017,273344,3291,503,Your Mom's House Podcast - Ep. 419 w/ Greg Fitzsimmons
247,Your Mom's House,420.0,2017-11-01,2017,285702,3639,566,Your Mom's House Podcast - Ep. 420
246,Your Mom's House,421.0,2017-11-08,2017,167762,2108,435,Your Mom's House Podcast - Ep. 421 w/ Martin Riese
245,Your Mom's House,422.0,2017-11-15,2017,178689,2128,439,Your Mom's House Podcast - Ep. 422
244,Your Mom's House,423.0,2017-11-22,2017,214890,2529,465,Your Mom's House Podcast - Ep. 423
243,Your Mom's House,424.0,2017-11-30,2017,782107,11015,1234,Your Mom's House Podcast - Ep. 424 w/ Joey Diaz
242,Your Mom's House,426.0,2017-12-13,2017,248937,3191,754,Your Mom's House Podcast - Ep. 426 w/ Pauly Shore
241,Your Mom's House,427.0,2017-12-20,2017,601739,7115,835,Your Mom's House Podcast - Ep. 427 w/ Dr. Drew Pinsky
240,Your Mom's House,428.0,2017-12-27,2017,133875,1958,320,Your Mom's House Podcast - Ep. 428 LIVE from Irvine 
239,Your Mom's House,429.0,2018-01-03,2018,326566,3592,577,Your Mom's House Podcast - Ep. 429 w/ Josh Wolf
238,Your Mom's House,430.0,2018-01-10,2018,238238,2901,609,Your Mom's House Podcast - Ep. 430
237,Your Mom's House,431.0,2018-01-17,2018,112347,1850,525,Your Mom's House Podcast - Ep. 431 w/ Paul Gilmartin
236,Your Mom's House,432.0,2018-01-24,2018,204677,2580,610,Your Mom's House Podcast - Ep. 432
235,Your Mom's House,433.0,2018-01-31,2018,2637347,27965,3790,Your Mom's House Podcast - Ep. 433 w/ Bill Burr
234,Your Mom's House,434.0,2018-02-07,2018,464771,4994,873,Your Mom's House Podcast - Ep. 434 w/ Marc Maron
233,Your Mom's House,435.0,2018-02-14,2018,188973,2483,606,Your Mom's House Podcast - Ep. 435
232,Your Mom's House,436.0,2018-02-21,2018,285286,3327,690,Your Mom's House Podcast - Ep. 436 w/ Johnny Pemberton
231,Your Mom's House,437.0,2018-02-28,2018,186513,2359,435,Your Mom's House Podcast - Ep. 437
230,Your Mom's House,438.0,2018-03-07,2018,194412,2540,529,Your Mom's House Podcast - Ep. 438
229,Your Mom's House,439.0,2018-03-14,2018,212092,2793,508,Your Mom's House Podcast - Ep. 439
228,Your Mom's House,440.0,2018-03-21,2018,204537,2210,626,Your Mom's House Podcast - Ep. 440 w/ The Sklar Brothers
227,Your Mom's House,441.0,2018-03-28,2018,153378,1710,379,Your Mom's House Podcast - Ep. 441 w/ Tom Rhodes
226,Your Mom's House,442.0,2018-04-04,2018,235604,2572,534,Your Mom's House Podcast - Ep. 442 w/ Alison Rosen
225,Your Mom's House,443.0,2018-04-11,2018,222259,2842,723,Your Mom's House Podcast - Ep. 443
224,Your Mom's House,444.0,2018-04-18,2018,248829,3215,826,Your Mom's House Podcast - Ep. 444
223,Your Mom's House,446.0,2018-05-02,2018,2088750,25467,2958,Your Mom's House Podcast - Ep. 446 w/ Bobby Lee & Khalyla
222,Your Mom's House,445.0,2018-05-03,2018,88589,1257,128,Your Mom's House Podcast - Ep. 445 w/ Wheeler Walker Jr. - REUPLOADED
221,Your Mom's House,447.0,2018-05-09,2018,317414,3444,1315,Your Mom's House Podcast - Ep. 447 w/ Sarah Tiana
220,Your Mom's House,448.0,2018-05-16,2018,230737,2732,763,Your Mom's House Podcast - Ep. 448
219,Your Mom's House,449.0,2018-05-23,2018,214321,2880,735,Your Mom's House Podcast - Ep. 449 w/ Sam Tripoli
218,Your Mom's House,450.0,2018-05-30,2018,757330,9751,1571,Your Mom's House Podcast - Ep. 450 w/ Dr. Drew Pinsky
217,Your Mom's House,451.0,2018-06-06,2018,1261002,13695,2139,Your Mom's House Podcast - Ep. 451 w/ Chris D'Elia
216,Your Mom's House,452.0,2018-06-13,2018,222775,3180,896,Your Mom's House Podcast - Ep. 452
215,Your Mom's House,453.0,2018-06-20,2018,258863,3579,818,Your Mom's House Podcast - Ep. 453
214,Your Mom's House,454.0,2018-06-27,2018,312339,3322,1417,Your Mom's House Podcast - Ep. 454 w/ Moshe Kasher & Natasha Leggero
213,Your Mom's House,455.0,2018-07-04,2018,277104,3213,656,Your Mom's House Podcast - Ep. 455 w/ Kevin Nealon
212,Your Mom's House,456.0,2018-07-11,2018,513350,5527,1092,Your Mom's House Podcast - Ep. 456 w/ Ari Shaffir
211,Your Mom's House,457.0,2018-07-18,2018,264084,3378,945,Your Mom's House Podcast - Ep. 457
210,Your Mom's House,458.0,2018-07-25,2018,443272,5048,1463,Your Mom's House Podcast - Ep. 458 w/ Nikki Glaser
209,Your Mom's House,459.0,2018-08-02,2018,266142,3604,757,Your Mom's House Podcast - Ep. 459
208,Your Mom's House,460.0,2018-08-08,2018,241158,2942,728,Your Mom's House Podcast - Ep. 460 w/ Matt Braunger
207,Your Mom's House,461.0,2018-08-15,2018,459901,5735,1188,Your Mom's House Podcast - Ep. 461 w/ Brad Williams
206,Your Mom's House,462.0,2018-08-22,2018,2018131,16719,2112,Your Mom's House Podcast - Ep. 462 w/ Bert Kreischer
205,Your Mom's House,463.0,2018-08-30,2018,254055,3236,1016,Your Mom's House Podcast - Ep. 463
204,Your Mom's House,464.0,2018-09-06,2018,547109,5841,1097,Your Mom's House Podcast - Ep. 464 w/ Brendan Schaub
203,Your Mom's House,465.0,2018-09-13,2018,244915,2947,766,Your Mom's House Podcast - Ep. 465 w/ Doug Mellard
202,Your Mom's House,466.0,2018-09-20,2018,754806,8899,1128,Your Mom's House Podcast - Ep. 466 w/ Andrew Santino
201,Your Mom's House,467.0,2018-09-27,2018,1172725,19608,3140,Your Mom's House Podcast - Ep. 467 w/ Ethan Klein
200,Your Mom's House,468.0,2018-10-04,2018,269113,3183,840,Your Mom's House Podcast - Ep. 468 w/ Finesse Mitchell
199,Your Mom's House,469.0,2018-10-11,2018,443217,5249,1036,Your Mom's House Podcast - Ep. 469 w/ Felipe Esparza
198,Your Mom's House,470.0,2018-10-18,2018,279532,3472,653,Your Mom's House Podcast - Ep. 470 w/ Chad Daniels
197,Your Mom's House,471.0,2018-10-25,2018,479636,5865,1271,Your Mom's House Podcast - Ep. 471 w/ Annie Lederman
196,Your Mom's House,472.0,2018-11-01,2018,473397,5258,1721,Your Mom's House Podcast - Ep. 472 w/ Whitney Cummings
195,Your Mom's House,473.0,2018-11-08,2018,459680,7037,1279,Your Mom's House Podcast - Ep. 473 w/ Tom Green
194,Your Mom's House,474.0,2018-11-15,2018,247131,4155,897,Your Mom's House Podcast - Ep. 474
193,Your Mom's House,475.0,2018-11-21,2018,345918,4513,726,Your Mom's House Podcast - Ep. 475 w/ Ryan Sickler & Sean Anders
192,Your Mom's House,476.0,2018-11-28,2018,257984,3476,799,Your Mom's House Podcast - Ep. 476 w/ Fahim Anwar
191,Your Mom's House,477.0,2018-12-05,2018,580307,6333,1508,Your Mom's House Podcast - Ep. 477 w/ Kyle Dunnigan
190,Your Mom's House,478.0,2018-12-12,2018,388627,4523,948,Your Mom's House Podcast - Ep. 478 w/ Adam Ray
189,Your Mom's House,479.0,2018-12-19,2018,616892,6681,1769,"Your Mom's House Podcast - Ep, 479 w/ Nikki Glaser"
188,Your Mom's House,480.0,2019-01-02,2019,380495,5550,1235,Your Mom's House Podcast - Ep. 480
187,Your Mom's House,481.0,2019-01-09,2019,1444990,14649,5754,Your Mom's House Podcast - Ep 481 YMH Studio Launch
186,Your Mom's House,482.0,2019-01-16,2019,558027,6239,2882,Your Mom's House Podcast - Ep. 482 w/ Liza Treyger
185,Your Mom's House,483.0,2019-01-23,2019,1052910,12083,3782,Your Mom's House Podcast - Ep. 483 w/ Neal Brennan & Pete Holmes
184,Your Mom's House,484.0,2019-01-31,2019,959600,7707,2303,Your Mom's House Podcast - Ep. 484 w/ Yoshi & Redban
183,Your Mom's House,485.0,2019-02-06,2019,373907,5888,1598,Your Mom's House Podcast - Ep. 485 w/ Big Daddy Kane
182,Your Mom's House,486.0,2019-02-13,2019,652418,11258,2354,Your Mom's House Podcast - Ep. 486 w/ Danny Brown
180,Dr.Drew After Dark,1.0,2019-02-15,2019,322651,12235,1622,Dr. Drew After Dark Ep. 001 - Christina P.
181,Your Mom's House,487.0,2019-02-20,2019,366393,4660,1064,Your Mom's House Podcast - Ep. 487 w/ Greg Fitzsimmons and Kyle Kinane
179,Dr.Drew After Dark,2.0,2019-02-22,2019,876873,16055,1675,Dr. Drew After Dark w/ Tom Segura - Ep. 02
180,Your Mom's House,488.0,2019-02-27,2019,1908718,16839,2340,Your Mom's House Podcast - Ep. 488 w/ Bert Kreischer
178,Dr.Drew After Dark,3.0,2019-03-01,2019,775098,15798,1786,Dr. Drew After Dark w/ Bobby Lee - Ep. 03
179,Your Mom's House,489.0,2019-03-06,2019,668222,7179,2169,Your Mom's House Podcast - Ep. 489 w/ Brendan Schaub & Jake Weisman and Matt Ingebretson
177,Dr.Drew After Dark,4.0,2019-03-08,2019,132016,3280,476,Dr. Drew After Dark w/ Redban - Ep. 04
178,Your Mom's House,490.0,2019-03-13,2019,779009,7366,1680,"Your Mom's House Podcast - Ep. 490 w/ Wheeler Walker Jr, Too Short & Kevin Blatt"
176,Dr.Drew After Dark,5.0,2019-03-15,2019,313908,8262,805,Dr. Drew After Dark w/ Steve-O - Ep. 05
177,Your Mom's House,491.0,2019-03-20,2019,862628,8213,1343,Your Mom's House Podcast Ep. 491 - w/ Jeff Ross
175,Dr.Drew After Dark,6.0,2019-03-22,2019,623850,10911,1237,Dr. Drew After Dark w/ Bert Kreischer - Ep. 06
176,Your Mom's House,492.0,2019-03-27,2019,866349,13483,2042,Your Mom's House Podcast - Ep. 492 w/ Sean Evans
174,Dr.Drew After Dark,7.0,2019-03-29,2019,179653,3966,628,Dr. Drew After Dark w/ Chris Hardwick | Episode 07
175,Your Mom's House,493.0,2019-04-03,2019,1214926,8915,1522,Your Mom's House Podcast - Ep. 493 w/ Kevin Christy & George Perez
173,Dr.Drew After Dark,8.0,2019-04-05,2019,251750,4768,968,Dr. Drew After Dark w/ Andy Dick - Ep. 08
174,Your Mom's House,494.0,2019-04-10,2019,3189679,41448,5095,"Your Mom's House Podcast - Ep. 494 w/ Joey ""Coco"" Diaz"
172,Dr.Drew After Dark,9.0,2019-04-12,2019,178996,3767,478,Dr. Drew After Dark w/ Brad Williams - Ep. 09
173,Your Mom's House,495.0,2019-04-17,2019,956938,13875,2002,Your Mom's House Podcast - Ep. 495 w/ Rhett & Link
171,Dr.Drew After Dark,10.0,2019-04-19,2019,346378,7387,1141,Dr. Drew After Dark w/ Duncan Trussel - Ep. 10
172,Your Mom's House,496.0,2019-04-24,2019,454014,8108,2049,Your Mom's House Podcast - Ep. 496 w/ Try It Out Guy & Scott Thompson
170,Dr.Drew After Dark,11.0,2019-04-26,2019,90255,1927,197,Dr. Drew After Dark w/ Adam Ray - Ep. 11
171,Your Mom's House,497.0,2019-05-01,2019,648694,8705,2129,Your Mom's House Podcast - Ep. 497 w/ Dane Cook & Ryan Stout
169,Dr.Drew After Dark,12.0,2019-05-03,2019,94665,1682,479,Dr. Drew After Dark w/ Claire Titelman - Ep. 12
170,Your Mom's House,498.0,2019-05-08,2019,559920,4852,1392,Your Mom's House Podcast - Ep. 498 w/ Sera Gamble & Heath Evans
168,Dr.Drew After Dark,13.0,2019-05-10,2019,188934,3406,524,Pete Holmes | Dr. Drew After Dark Ep. 13
169,Your Mom's House,499.0,2019-05-15,2019,1058315,16430,3335,Your Mom's House Podcast - Ep. 499 w/ Ethan Klein
167,Dr.Drew After Dark,14.0,2019-05-17,2019,158087,3315,479,Josh Potter | Dr. Drew After Dark Ep. 14
168,Your Mom's House,500.0,2019-05-22,2019,567728,13958,2629,Your Mom's House Podcast - Ep. 500 w/ Brendon Urie
166,Dr.Drew After Dark,15.0,2019-05-24,2019,152389,2925,282,Jeff Ross | Dr. Drew After Dark Ep. 15
167,Your Mom's House,501.0,2019-05-29,2019,358257,4373,1902,Your Mom's House Podcast - Ep. 501 w/ Adam Ray & Maz Jobrani
165,Dr.Drew After Dark,16.0,2019-05-31,2019,89039,1927,291,Dr. Drew After Dark w/ Mike Catherwood - Ep. 16
166,Your Mom's House,502.0,2019-06-05,2019,371859,4782,1484,Your Mom's House Podcast - Ep. 502 w/ Jim Gaffigan & Andrew Collin
164,Dr.Drew After Dark,17.0,2019-06-07,2019,383754,7259,916,Dr. Drew After Dark w/ LeeAnn Kreischer - Ep. 17
165,Your Mom's House,503.0,2019-06-12,2019,457140,7790,3278,Your Mom's House Podcast - Ep. 503
163,Dr.Drew After Dark,18.0,2019-06-14,2019,129579,2921,332,Dr. Drew After Dark w/ Ryan Sickler | Episode 18
164,Your Mom's House,504.0,2019-06-19,2019,1321583,19350,4796,Your Mom's House Podcast - Ep. 504 w/ Tigerbelly
162,Dr.Drew After Dark,19.0,2019-06-21,2019,91576,1734,213,Dr. Drew After Dark w/ Joe List - Ep. 19
163,Your Mom's House,505.0,2019-06-26,2019,1333881,24193,6865,Your Mom's House Podcast - Ep. 505 w/ Theo Von
161,Dr.Drew After Dark,20.0,2019-06-28,2019,146828,3163,481,Dr. Drew After Dark w/ Seth Green | Ep. 20
146,2 Bears 1 Cave,1.0,2019-07-01,2019,1359764,34782,4385, Tom Segura & Bert Kreischer | Ep. 01
162,Your Mom's House,506.0,2019-07-03,2019,657293,6955,2668,Your Mom's House Podcast - Ep. 506 w/ Amanda Cerny & Steve Byrne
160,Dr.Drew After Dark,21.0,2019-07-05,2019,105533,1921,314,Dr. Drew After Dark w/ Jamie Kennedy - Ep. 21
156,Where My Moms At Podcast,1.0,2019-07-08,2019,147651,4311,513,Where My Moms At Podcast | Ep. 01 w/ LeeAnn Kreischer
161,Your Mom's House,507.0,2019-07-10,2019,398649,6880,2203,Your Mom's House Podcast - Ep. 507 w/ DMC
159,Dr.Drew After Dark,22.0,2019-07-12,2019,98296,2175,210,Dr. Drew After Dark w/ Jimmy O. Yang | Ep. 22
145,2 Bears 1 Cave,2.0,2019-07-15,2019,1272787,27003,2806, Tom Segura and Bert Kreischer | Ep. 02
155,Where My Moms At Podcast,2.0,2019-07-15,2019,42017,1448,220,Where My Moms At Podcast w/ Doula Mitzy Sanchez | Ep. 02
160,Your Mom's House,508.0,2019-07-17,2019,1019096,8279,1867,Your Mom's House Podcast - Ep. 508 w/ Johnny Pemberton & Geoff Tate
158,Dr.Drew After Dark,23.0,2019-07-19,2019,63612,1089,211,Dr. Drew After Dark w/ Taylor Williamson | Ep. 23
154,Where My Moms At Podcast,3.0,2019-07-22,2019,41629,1168,130,Where My Moms At Podcast w/ Cindy Arora | Ep. 03
159,Your Mom's House,509.0,2019-07-24,2019,505549,8884,2471,Your Mom's House Podcast (Solo) - Ep. 509
157,Dr.Drew After Dark,24.0,2019-07-26,2019,71715,1291,236,Dr. Drew After Dark w/ Doug Benson - Ep. 24
153,Where My Moms At Podcast,4.0,2019-07-29,2019,53999,1490,254,Where My Moms At Podcast w/ Alyssa Milano | Ep. 04
158,Your Mom's House,510.0,2019-07-31,2019,459844,6644,1518,Your Mom's House Podcast - Ep. 510 w/ Nicole Byer
156,Dr.Drew After Dark,25.0,2019-08-02,2019,89706,1454,263,Dr. Drew After Dark w/ Heather McDonald - Ep. 25
144,2 Bears 1 Cave,3.0,2019-08-05,2019,1253113,21200,2778, Tom Segura & Bert Kreischer | Ep. 03
152,Where My Moms At Podcast,5.0,2019-08-05,2019,29794,792,137,Where My Moms At Podcast | Ep. 05 Christina Talks to a Listener
157,Your Mom's House,511.0,2019-08-07,2019,426008,6071,1251,Your Mom's House Podcast - Ep. 511 w/ Ryan Sickler and Steven Randolph
155,Dr.Drew After Dark,26.0,2019-08-09,2019,205685,4637,417,Dr. Drew After Dark w/ Andrew Santino | Ep. 26
151,Where My Moms At Podcast,6.0,2019-08-12,2019,141962,3027,399,Where My Moms At Podcast w/ Dr. Drew Pinsky | Ep. 06
156,Your Mom's House,512.0,2019-08-14,2019,587083,7651,3866,Your Mom's House Podcast - Ep. 512 w/ Alyssa Milano
154,Dr.Drew After Dark,27.0,2019-08-17,2019,44962,1017,146,REUPLOAD: Dr. Drew After Dark w/ Yakov Smirnoff | Ep. 27
150,Where My Moms At Podcast,7.0,2019-08-19,2019,30863,898,120,Where My Moms At Podcast | Ep. 07
143,2 Bears 1 Cave,4.0,2019-08-19,2019,1429403,21121,3269, Tom Segura & Bert Kreischer | Ep. 04
155,Your Mom's House,513.0,2019-08-21,2019,1191174,14451,2514,Your Mom's House Podcast - Ep. 513 w/ Anthony Jeselnik
153,Dr.Drew After Dark,28.0,2019-08-23,2019,148417,3140,420,Dr. Drew After Dark w/ Jessa Reed | Ep. 28
149,Where My Moms At Podcast,8.0,2019-08-26,2019,44681,1340,143,Where My Moms At w/ Kati Morton | Ep. 08
154,Your Mom's House,514.0,2019-08-29,2019,484809,7450,1941,Your Mom's House Podcast w/ Jo Koy - Ep. 514
152,Dr.Drew After Dark,29.0,2019-08-30,2019,58744,1090,121,Dr. Drew After Dark w/ Maz Jobrani | Ep. 29
148,Where My Moms At Podcast,9.0,2019-09-02,2019,26708,645,101,Ep. 09 | Bare Mom Necessities | Where My Moms At
142,2 Bears 1 Cave,5.0,2019-09-02,2019,1145236,18474,1888, Tom Segura & Bert Kreischer | Ep. 05
153,Your Mom's House,515.0,2019-09-04,2019,999614,12080,2238,Your Mom's House Podcast w/ Dr. Drew Pinsky - Ep. 515
151,Dr.Drew After Dark,30.0,2019-09-06,2019,802016,12878,1362,Dr. Drew After Dark w/ Bert & LeeAnn Kreischer | Ep. 30
147,Where My Moms At Podcast,10.0,2019-09-09,2019,29072,733,99,Ep. 10 Alison Rosen | Where My Moms At w/ Christina P
152,Your Mom's House,516.0,2019-09-11,2019,413864,6017,1987,Your Mom's House Podcast - Ep. 516 w/ Donnell Rawlings & Grant Cardone
150,Dr.Drew After Dark,31.0,2019-09-13,2019,103771,1581,295,Dr. Drew After Dark w/ Jen Kirkman | Ep. 31
146,Where My Moms At Podcast,11.0,2019-09-16,2019,20865,663,101,Ep. 11 CP Takes Your Calls | Where My Mom's At Podcast
141,2 Bears 1 Cave,6.0,2019-09-16,2019,987927,17709,2107,Ep. 06 |  Tom Segura & Bert Kreischer
151,Your Mom's House,517.0,2019-09-18,2019,1401412,19522,2907,Your Mom's House Podcast - Ep. 517 w/ Steve-O
149,Dr.Drew After Dark,32.0,2019-09-20,2019,41101,823,126,Dr. Drew After Dark w/ Justin Martindale | Ep. 32
145,Where My Moms At Podcast,12.0,2019-09-23,2019,86814,2123,258,Ep.12 LeeAnn Kreischer | Where My Moms At
150,Your Mom's House,518.0,2019-09-25,2019,498043,7519,1561,Your Mom's House Podcast w/ Big Jay Oakerson - Ep. 518
148,Dr.Drew After Dark,33.0,2019-09-27,2019,305403,4567,903,Dr. Drew After Dark w/ Nikki Glaser | Ep. 33
140,2 Bears 1 Cave,7.0,2019-09-30,2019,1009879,14646,2032,Ep. 07 |  Tom Segura & Bert Kreischer
144,Where My Moms At Podcast,13.0,2019-09-30,2019,64061,3200,402,Ep. 13 Hila Klein | Where My Moms At
149,Your Mom's House,519.0,2019-10-02,2019,400013,5460,1420,Your Mom's House Podcast - Ep. 519 w/ Ian Edwards
147,Dr.Drew After Dark,34.0,2019-10-04,2019,129335,1905,340,Dr. Drew After Dark w/ Kelsey Cook | Ep. 34
143,Where My Moms At Podcast,14.0,2019-10-07,2019,24144,641,120,Ep. 14 Answering Mommy Questions | Where My Moms At Podcast
139,2 Bears 1 Cave,8.0,2019-10-07,2019,951463,13768,2099,Ep. 08 |  Tom Segura & Bert Kreischer
148,Your Mom's House,520.0,2019-10-09,2019,334885,5604,1322,Your Mom's House Podcast - Ep. 520 w/ Melissa Villase√±or
146,Dr.Drew After Dark,35.0,2019-10-11,2019,62099,1003,100,Dr. Drew After Dark w/ Matt Braunger | Ep. 35
142,Where My Moms At Podcast,15.0,2019-10-14,2019,43247,1228,139,Ep. 15 Greg Fitzsimmons | Where My Moms At
138,2 Bears 1 Cave,9.0,2019-10-14,2019,668754,11445,1352,Ep. 09 |  Tom Segura & Bert Kreischer
147,Your Mom's House,521.0,2019-10-16,2019,672600,10249,2374,Your Mom's House Podcast - Ep. 521 w/ Jessica Kirson
145,Dr.Drew After Dark,36.0,2019-10-18,2019,216455,3966,608,Dr. Drew After Dark w/ Christina P | Ep. 36
141,Where My Moms At Podcast,16.0,2019-10-21,2019,22951,717,74,Ep. 16 Having Two Sets of Twins | Where My Moms At Podcast
137,2 Bears 1 Cave,10.0,2019-10-22,2019,753178,11652,1690,Ep. 10 |  Tom Segura & Bert Kreischer
146,Your Mom's House,522.0,2019-10-23,2019,455047,6413,1449,Your Mom's House Podcast - Ep. 522 w/ Elizabeth Lail
144,Dr.Drew After Dark,37.0,2019-10-25,2019,429970,8088,1040,Dr. Drew After Dark w/ Mark Normand | Ep. 37
136,2 Bears 1 Cave,11.0,2019-10-28,2019,809718,11881,1543,Ep. 11 |  Tom Segura & Bert Kreischer
140,Where My Moms At Podcast,17.0,2019-10-28,2019,29714,809,131,Ep. 17 Cool Mom Tips w/ Chase O'Donnell | Where My Moms At
145,Your Mom's House,523.0,2019-10-30,2019,332584,5000,1718,Your Mom's House Podcast - Ep. 523 w/ Nikki Glaser
143,Dr.Drew After Dark,38.0,2019-11-01,2019,306051,5488,682,Dr. Drew After Dark w/ Tom Segura | Ep. 38
139,Where My Moms At Podcast,18.0,2019-11-04,2019,58946,1527,152,Ep. 18 Ryan Sickler | Where My Moms At
144,Your Mom's House,524.0,2019-11-06,2019,294013,4957,1141,Your Mom's House Podcast - Ep. 524 w/ Yakov Smirnoff
142,Dr.Drew After Dark,39.0,2019-11-08,2019,102884,1762,217,Dr. Drew After Dark w/ Taylor Tomlinson | Ep. 39
138,Where My Moms At Podcast,19.0,2019-11-11,2019,23306,646,129,Ep. 19 Answering Mommy Questions | Where My Moms At
135,2 Bears 1 Cave,12.0,2019-11-11,2019,787761,12594,1948,Ep. 12 |  Bert & LeeAnn Kreischer
143,Your Mom's House,525.0,2019-11-13,2019,280893,3702,1031,Your Mom's House Podcast - Ep. 525 w/ Judd Apatow & Brian Simpson
141,Dr.Drew After Dark,40.0,2019-11-15,2019,173959,3152,503,Dr. Drew After Dark w/ Josh Potter | Ep. 40
137,Where My Moms At Podcast,20.0,2019-11-18,2019,39279,901,159,Ep. 20 White Claw & Milking Your Spouse | Where My Moms At
142,Your Mom's House,526.0,2019-11-20,2019,540659,8260,1516,Your Mom's House Podcast - Ep. 526
140,Dr.Drew After Dark,41.0,2019-11-22,2019,82778,1529,278,Dr. Drew After Dark w/ Geoff Tate | Ep. 41
136,Where My Moms At Podcast,21.0,2019-11-25,2019,26935,723,121,Ep. 21 Netflix & Weirding Out | Where My Moms At Podcast
134,2 Bears 1 Cave,13.0,2019-11-25,2019,1230869,24629,2681,Ep. 13 |  Tom Segura & Bert Kreischer
141,Your Mom's House,527.0,2019-11-27,2019,1633032,12302,2088,Your Mom's House Podcast - Ep. 527 w/ Gabriel Iglesias & J. Elvis Weinstein
139,Dr.Drew After Dark,42.0,2019-11-29,2019,300259,5494,543,Ep. 42 | Christina P. Therapizes Dr. Drew | Dr. Drew After Dark
135,Where My Moms At Podcast,22.0,2019-12-02,2019,33380,800,93,Ep. 22 Mom Tips For The Holidays | Where My Moms At Podcast
140,Your Mom's House,528.0,2019-12-04,2019,277445,5232,1085,Your Mom's House Podcast - Ep. 528
138,Dr.Drew After Dark,43.0,2019-12-06,2019,431276,8665,1379,Ep. 43 | Khalyla Kuhn | Dr. Drew After Dark
134,Where My Moms At Podcast,23.0,2019-12-09,2019,27245,708,63,Ep. 23 | Guilty Pleasures | Where My Moms At Podcast
133,2 Bears 1 Cave,14.0,2019-12-09,2019,1061951,13743,1997,Ep. 14 |  Tom Segura & Bert Kreischer
139,Your Mom's House,529.0,2019-12-11,2019,397488,6326,1159,Your Mom's House Podcast - Ep. 529 w/ Kate Kennedy
137,Dr.Drew After Dark,44.0,2019-12-13,2019,271313,5861,776,Ep. 44 | Who is Blueban??? | Dr. Drew after Dark
133,Where My Moms At Podcast,24.0,2019-12-16,2019,24176,665,72,Ep. 24 Merry Moms-mas | Where My Moms At
138,Your Mom's House,530.0,2019-12-18,2019,663628,11259,1946,Your Mom's House Podcast - Ep. 530 w/ Andrew Santino
136,Dr.Drew After Dark,45.0,2019-12-20,2019,196676,3471,377,Ep. 45 | RPC Review w/ Josh Potter | Dr. Drew After Dark
132,Where My Moms At Podcast,25.0,2019-12-23,2019,23394,578,122,Ep. 25 The Mom Life Chose Me | Where My Moms At
132,2 Bears 1 Cave,15.0,2019-12-23,2019,1014391,14283,1695,Ep. 15 |  Tom Segura and Bert Kreischer
137,Your Mom's House,531.0,2019-12-25,2019,989237,15134,2208,Your Mom's House Podcast - Ep. 531 w/ Craig Ferguson
135,Dr.Drew After Dark,46.0,2019-12-27,2019,492342,8396,993,Ep. 46 Tom Segura | Dr. Drew After Dark
131,Where My Moms At Podcast,26.0,2019-12-30,2019,26653,687,98,Ep. 26 Where Do I Pee??? | Where My Moms At
136,Your Mom's House,532.0,2020-01-01,2020,319586,5312,636,Your Mom's House Podcast - Ep. 532 End of Year Best Moments
134,Dr.Drew After Dark,47.0,2020-01-03,2020,63986,1275,103,Ep. 47 End of Year Best Moments| Dr. Drew After Dark
130,Where My Moms At Podcast,27.0,2020-01-06,2020,33247,792,110,Ep. 27 Dad School | Where My Moms At
131,2 Bears 1 Cave,16.0,2020-01-06,2020,769653,13534,1719,Ep. 16 |  Tom Segura and Bert Kreischer
135,Your Mom's House,533.0,2020-01-08,2020,464033,7293,1243,Your Mom's House Podcast - Ep. 533 w/ Daymond John
133,Dr.Drew After Dark,48.0,2020-01-10,2020,214557,3432,646,Ep. 48 Kate Kennedy | Dr. Drew After Dark
129,Where My Moms At Podcast,28.0,2020-01-13,2020,25025,652,105,Ep. 28 Latchkey Lunches | Where My Moms At Podcast
134,Your Mom's House,534.0,2020-01-15,2020,466635,7598,1157,Your Mom's House Podcast - Ep. 534
132,Dr.Drew After Dark,49.0,2020-01-17,2020,170865,3720,605,Ep. 49 Enny Ai | Dr. Drew After Dark
128,Where My Moms At Podcast,29.0,2020-01-20,2020,22549,634,122,Ep. 29 Spreading Ashes At Disneyland | Where My Moms At Podcast
130,2 Bears 1 Cave,17.0,2020-01-20,2020,983620,13974,1524,Ep. 17 |  Tom Segura & Bert Kreischer
133,Your Mom's House,535.0,2020-01-22,2020,449168,7539,1667,Your Mom's House Podcast - Ep. 535 w/ Robert Hines
131,Dr.Drew After Dark,50.0,2020-01-24,2020,147238,2686,513,Ep. 50 Tom Green | Dr. Drew After Dark
127,Where My Moms At Podcast,30.0,2020-01-27,2020,32325,803,118,Ep. 30 Nasty Moms | Where My Moms At Podcast
132,Your Mom's House,536.0,2020-01-29,2020,423284,5798,1113,Your Mom's House Podcast - Ep. 536 w/ Matt Fulchiron
130,Dr.Drew After Dark,51.0,2020-01-31,2020,287400,4444,522,Ep. 51 Christina P's Cool Health Questions | Dr. Drew After Dark
126,Where My Moms At Podcast,31.0,2020-02-03,2020,45533,1160,147,Ep. 31 Love Language w/ Kati Morton | Where My Moms At Podcast
129,2 Bears 1 Cave,18.0,2020-02-03,2020,703158,11207,1591,Ep. 18 |  Tom Segura & Bert Kreischer
131,Your Mom's House,537.0,2020-02-05,2020,665583,8438,1751,Your Mom's House Podcast - Ep. 537
129,Dr.Drew After Dark,52.0,2020-02-07,2020,170066,2572,495,Ep. 52 Orgasms w/ Kelsey Cook | Dr. Drew After Dark
125,Where My Moms At Podcast,32.0,2020-02-10,2020,27757,627,118,Ep. 32 The Snapback | Where My Moms At Podcast
130,Your Mom's House,538.0,2020-02-12,2020,715119,9407,3269,Your Mom's House Podcast - Ep. 538 w/ Michael Rapaport
128,Dr.Drew After Dark,53.0,2020-02-14,2020,482065,8719,1261,Ep. 53 Is This Normal w/ Tom Segura | Dr. Drew After Dark
128,2 Bears 1 Cave,19.0,2020-02-17,2020,1219312,14280,2324,Ep. 19 |  Tom Segura & Bert Kreischer
124,Where My Moms At Podcast,33.0,2020-02-17,2020,28619,784,97,Ep. 33 Progressive Hooters | Where My Moms At Podcast
129,Your Mom's House,539.0,2020-02-19,2020,598849,7547,1740,Your Mom's House Podcast - Ep. 539 w/ Tom Papa & Kreayshawn
127,Dr.Drew After Dark,54.0,2020-02-21,2020,309884,5515,833,Ep. 54 Resting In Proto w/ Christina P | Dr. Drew After Dark
123,Where My Moms At Podcast,34.0,2020-02-24,2020,28012,764,126,Ep. 34 Self Care | Where My Moms At Podcast
128,Your Mom's House,540.0,2020-02-26,2020,970136,11202,2818,Your Mom's House Podcast - Ep. 540 w/ Tony Hinchcliffe
126,Dr.Drew After Dark,55.0,2020-02-28,2020,284379,4851,886,Ep. 55 Wiccans Are Back w/ Christina P | Dr. Drew After Dark
122,Where My Moms At Podcast,35.0,2020-03-02,2020,79969,1709,241,Ep. 35 Full Plates w/ LeeAnn Kreischer | Where My Moms At Podcast
127,2 Bears 1 Cave,20.0,2020-03-02,2020,1032490,14111,2148,Ep. 20 |  Tom Segura & Bert Kreischer
127,Your Mom's House,541.0,2020-03-04,2020,486829,6976,1736,Your Mom's House Podcast - Ep. 541 w/ Moshe Kasher & Natasha Leggero & Creators of HBO's McMillions
125,Dr.Drew After Dark,56.0,2020-03-06,2020,250131,4212,576,Ep. 56 Scromiting w/ Christina P | Dr. Drew After Dark
121,Where My Moms At Podcast,36.0,2020-03-09,2020,36348,871,153,Ep. 36 Who's The MOST Messed Up? | Where My Moms At Podcast
126,Your Mom's House,542.0,2020-03-11,2020,1167909,13422,2724,Your Mom's House Podcast - Ep. 542 w/ Dr. Drew
124,Dr.Drew After Dark,57.0,2020-03-13,2020,221514,3745,643,Ep. 57 Hot Moms w/ Christina P | Dr. Drew After Dark
120,Where My Moms At Podcast,37.0,2020-03-16,2020,29060,763,124,Ep. 37 Live Calls With Mommies | Where My Moms At Podcast
126,2 Bears 1 Cave,21.0,2020-03-16,2020,973554,13160,1455,Ep. 21 |  Tom Segura & Bert Kreischer
124,Your Mom's House,543.0,2020-03-18,2020,966444,13597,2046,Your Mom's House Podcast - Ep. 543 w/ Bert Kreischer
123,Dr.Drew After Dark,58.0,2020-03-20,2020,260131,4454,1433,Ep. 58 Coronavirus & Live Calls w/ Christina P | Dr. Drew After Dark
125,2 Bears 1 Cave,22.0,2020-03-23,2020,940887,13935,1709,Ep. 22 |  Tom Segura & Bert Kreischer
119,Where My Moms At Podcast,38.0,2020-03-23,2020,23935,607,96,Ep. 38 Quarantining w/ Kati Morton via Skype | Where My Moms At Podcast
123,Your Mom's House,544.0,2020-03-25,2020,948004,14543,2230,Your Mom's House Podcast - Ep. 544 w/ Tim Dillon
122,Dr.Drew After Dark,59.0,2020-03-27,2020,431182,6594,1042,Ep. 59 Beating Acid Reflux + Live Calls w/ Tom Segura | Dr. Drew After Dark
118,Where My Moms At Podcast,39.0,2020-03-30,2020,107852,2179,314,Ep. 39 Dad Questions w/ Dr. Drew | Where My Moms At Podcast
124,2 Bears 1 Cave,23.0,2020-03-30,2020,1303226,18782,2091,Ep. 23 |  Tom Segura & Bert Kreischer
122,Your Mom's House,545.0,2020-04-01,2020,994692,14842,2324,Your Mom's House Podcast - Ep. 545 w/ Tommy Lee & Brittany Furlan
121,Dr.Drew After Dark,60.0,2020-04-03,2020,168706,3157,758,Ep. 60 Listeners and Browns w/ Christina P | Dr. Drew After Dark
123,2 Bears 1 Cave,24.0,2020-04-06,2020,1027601,13957,3231,Ep. 24 |  Tom Segura & Bert Kreischer
117,Where My Moms At Podcast,40.0,2020-04-07,2020,115061,2190,398,Ep. 40 Endless Spring Break w/ LeeAnn Kreischer | Where My Moms At Podcast
121,Your Mom's House,546.0,2020-04-08,2020,599800,9229,1773,Your Mom's House Podcast - Ep. 546
120,Dr.Drew After Dark,61.0,2020-04-10,2020,186392,3085,747,Ep. 61 Staying Fresh w/ Christina P | Dr. Drew After Dark
122,2 Bears 1 Cave,25.0,2020-04-13,2020,939795,14523,3442,Ep. 25 |  Tom Segura & Bert Kreischer
116,Where My Moms At Podcast,41.0,2020-04-13,2020,30266,989,166,Ep. 41 Quarantine Moms | Where My Moms At Podcast
120,Your Mom's House,547.0,2020-04-15,2020,2570412,22031,3563,Your Mom's House Podcast - Ep. 547 w/ Chris D'Elia
119,Dr.Drew After Dark,62.0,2020-04-17,2020,260957,4994,838,Ep. 62 Pig Play Fan Club w/ Tom Segura | Dr. Drew After Dark
121,2 Bears 1 Cave,26.0,2020-04-20,2020,1052274,13982,2120,Ep. 26 |  Tom Segura & Bert Kreischer
115,Where My Moms At Podcast,42.0,2020-04-20,2020,559401,12237,933,Ep. 42 Marital Loves w/ Tom Segura | Where My Moms At Podcast
119,Your Mom's House,548.0,2020-04-22,2020,823931,11149,2322,Your Mom's House Podcast - Ep. 548
118,Dr.Drew After Dark,63.0,2020-04-24,2020,464392,7298,1047,Ep. 63 Tik Tok-ing w/ Tom Segura | Dr. Drew After Dark
120,2 Bears 1 Cave,27.0,2020-04-27,2020,949690,13401,2004,Ep. 27 |  Tom Segura & Bert Kreischer
114,Where My Moms At Podcast,43.0,2020-04-27,2020,43761,1168,168,Ep. 43 Mommy Matchmaker | Where My Moms At Podcast
118,Your Mom's House,549.0,2020-04-29,2020,676267,10400,1948,Your Mom's House Podcast - Ep. 549
117,Dr.Drew After Dark,64.0,2020-05-01,2020,231574,4032,584,Ep. 64 Scalp Tattoos w/ Christina P | Dr. Drew After Dark
119,2 Bears 1 Cave,28.0,2020-05-04,2020,893283,13522,2910,Ep. 28 |  Tom Segura & Bert Kreischer
113,Where My Moms At Podcast,44.0,2020-05-04,2020,58448,1440,191,Ep. 44 Immigrant Parents | Where My Moms At Podcast
117,Your Mom's House,550.0,2020-05-06,2020,1400756,16248,3877,Your Mom's House Podcast - Ep. 550 w/ Jo Koy
116,Dr.Drew After Dark,65.0,2020-05-08,2020,202960,3675,467,Ep. 65 Hoarding w/ Josh Potter | Dr. Drew After Dark
118,2 Bears 1 Cave,29.0,2020-05-11,2020,965390,14024,2240,Ep. 29 |  Tom Segura & Bert Kreischer
112,Where My Moms At Podcast,45.0,2020-05-11,2020,28539,1053,195,Ep. 45 Zoom Dating | Where My Moms At Podcast
116,Your Mom's House,551.0,2020-05-13,2020,530602,8674,3070,Your Mom's House Podcast - Ep. 551
115,Dr.Drew After Dark,66.0,2020-05-15,2020,230212,4128,676,Ep. 66 Nasty As Hell w/ Christina P | Dr. Drew After Dark
111,Where My Moms At Podcast,46.0,2020-05-18,2020,73598,1644,340,Ep. 46 New Wig Who Dis | Where My Moms At Podcast
117,2 Bears 1 Cave,30.0,2020-05-18,2020,933488,13320,2889,Ep. 30 |  Tom Segura  & Bert Kreischer
115,Your Mom's House,552.0,2020-05-20,2020,598462,9903,2045,Your Mom's House Podcast - Ep. 552
114,Dr.Drew After Dark,67.0,2020-05-22,2020,234613,4348,780,Ep. 67 Happy Places w/ Christina P | Dr. Drew After Dark
110,Where My Moms At Podcast,47.0,2020-05-25,2020,108748,2341,318,Ep. 47 Straight Outta Budapest w/ Dr. Drew | Where My Moms At Podcast
116,2 Bears 1 Cave,31.0,2020-05-25,2020,924022,13087,1977,Ep. 31 |  Tom Segura & Bert Kreischer
114,Your Mom's House,553.0,2020-05-27,2020,682414,11163,2818,"Your Mom's House Podcast - Ep. 553 w/ Tony Hinchcliffe, Ron Funches, Earl Skakel & Steve Simeone"
113,Dr.Drew After Dark,68.0,2020-05-29,2020,197794,3597,504,Ep. 68 The Perfect Size w/ Christina P | Dr. Drew After Dark
115,2 Bears 1 Cave,32.0,2020-06-01,2020,849953,11972,1967,Ep. 32 |  Tom Segura & Bert Kreischer
109,Where My Moms At Podcast,48.0,2020-06-01,2020,103315,2057,367,Ep. 48 Wake Up Calls w/ LeeAnn Kreischer | Where My Moms At Podcast
113,Your Mom's House,554.0,2020-06-03,2020,1191530,15210,2752,Your Mom's House Podcast - Ep. 554 w/ Ryan Sickler
112,Dr.Drew After Dark,69.0,2020-06-05,2020,201763,3650,565,Ep. 69 Lazy Rectums w/ Christina P | Dr. Drew After Dark
108,Where My Moms At Podcast,49.0,2020-06-08,2020,39634,1041,156,Ep. 49 Mom Shoes w/ Aisha Alfa | Where My Moms At Podcast
114,2 Bears 1 Cave,33.0,2020-06-08,2020,858493,13503,3214,Ep. 33 |  Tom Segura & Bert Kreischer
112,Your Mom's House,555.0,2020-06-10,2020,392380,7123,1319,Your Mom's House Podcast - Ep. 555
111,Dr.Drew After Dark,70.0,2020-06-12,2020,196025,3482,515,Ep. 70 Long & Pointy w/ Christina P | Dr. Drew After Dark
113,2 Bears 1 Cave,34.0,2020-06-15,2020,941538,14737,2271,Ep. 34 |  Tom Segura & Bert Kreischer
107,Where My Moms At Podcast,50.0,2020-06-15,2020,38300,954,181,Ep. 50 Ask A Pediatrician w/ Jessica Hochman | Where My Moms At Podcast
111,Your Mom's House,556.0,2020-06-17,2020,633824,10563,1970,Your Mom's House Podcast - Ep. 556 w/ Cesar Millan
110,Dr.Drew After Dark,71.0,2020-06-19,2020,197479,3342,470,Ep. 71 Random Reinforcement w/ Christina P | Dr. Drew After Dark
112,2 Bears 1 Cave,35.0,2020-06-22,2020,982277,13135,4304,Ep. 35 |  Tom Segura & Bert Kreischer
106,Where My Moms At Podcast,51.0,2020-06-22,2020,45105,1056,162,Ep. 51 Where My Dads At? | Where My Moms At Podcast
109,Dr.Drew After Dark,72.0,2020-06-26,2020,228045,4001,688,Ep. 72 Attracted To Crazy w/ Christina P | Dr. Drew After Dark
105,Where My Moms At Podcast,52.0,2020-06-29,2020,243831,5228,635,Ep. 52 Husband Maintenance w/ Susan Sailer Pinsky | Where My Moms At Podcast
111,2 Bears 1 Cave,36.0,2020-06-29,2020,1873982,31747,4754,Ep. 36 |  Tom Segura & Bert Kreischer
110,Your Mom's House,557.0,2020-06-30,2020,364123,6027,936,Your Mom's House Podcast - Ep. 557
109,Your Mom's House,558.0,2020-07-01,2020,961348,13329,3323,Your Mom's House Podcast - Ep. 558 w/ Taylor Tomlinson
108,Dr.Drew After Dark,73.0,2020-07-03,2020,194466,3725,674,Ep. 73 Rational Revolution w/ Christina P | Dr. Drew After Dark
104,Where My Moms At Podcast,53.0,2020-07-06,2020,50540,1193,167,Ep. 53 Barefoot Society | Where My Moms At Podcast
110,2 Bears 1 Cave,37.0,2020-07-06,2020,1206106,17180,5629,Ep. 37 |  Tom Segura & Bert Kreischer
108,Your Mom's House,559.0,2020-07-08,2020,1137549,13988,3192,Your Mom's House Podcast - Ep. 559 w/ Russell Peters
107,Dr.Drew After Dark,74.0,2020-07-10,2020,249833,4605,842,Ep. 74 Double Fisting w/ Christina P | Dr. Drew After Dark
109,2 Bears 1 Cave,38.0,2020-07-13,2020,891880,14403,2967,Ep. 38 |  Tom Segura & Bert Kreischer
103,Where My Moms At Podcast,54.0,2020-07-13,2020,76762,2084,238,Ep. 54 Girl Dad w/ Tom Papa | Where My Moms At Podcast
107,Your Mom's House,560.0,2020-07-15,2020,1037500,12930,3147,Your Mom's House Podcast - Ep. 560 w/ Dr. Drew Pinsky
106,Dr.Drew After Dark,75.0,2020-07-17,2020,333940,7099,871,"Ep. 75 Getting ""Heavy"" w/ Tom Segura | Dr. Drew After Dark"
102,Where My Moms At Podcast,55.0,2020-07-20,2020,179542,3837,559,Ep. 55 Accepting Your Partner w/ LeeAnn Kreischer
108,2 Bears 1 Cave,39.0,2020-07-20,2020,850261,13774,2865,Ep. 39 |  Tom Segura & Bert Kreischer
106,Your Mom's House,561.0,2020-07-22,2020,896005,13261,3574,Your Mom's House Podcast - Ep. 561 w/ Jamie-Lynn Sigler & Robert Iler
105,Dr.Drew After Dark,76.0,2020-07-24,2020,182396,3409,480,Ep. 76 Feet Are For Everybody w/ Josh Potter | Dr. Drew After Dark
101,Where My Moms At Podcast,56.0,2020-07-27,2020,49827,1301,235,Ep. 56 The Pazsitzky Effect | Where My Moms At Podcast
107,2 Bears 1 Cave,40.0,2020-07-27,2020,1051858,22988,4892,Ep. 40 |  Tom Segura & Bert Kreischer
105,Your Mom's House,562.0,2020-07-29,2020,701010,11582,2464,Your Mom's House Podcast - Ep. 562
104,Dr.Drew After Dark,77.0,2020-07-31,2020,201438,3763,1130,Ep. 77 Demisexual w/ Christina P | Dr. Drew After Dark
100,Where My Moms At Podcast,57.0,2020-08-03,2020,77796,1784,250,Ep. 57 Navigating Motherhood w/ Jamie-Lynn Sigler
106,2 Bears 1 Cave,41.0,2020-08-03,2020,960909,14743,2204,Ep. 41 |  Tom Segura & Bert Kreischer
104,Your Mom's House,563.0,2020-08-05,2020,743375,11000,2884,Your Mom's House Podcast - Ep. 563 w/ Brian Simpson
103,Dr.Drew After Dark,78.0,2020-08-07,2020,206105,4079,2435,Ep. 78 Radical Self-Acceptance w/ Christina P | Dr. Drew After Dark
105,2 Bears 1 Cave,42.0,2020-08-10,2020,1063611,16456,2962,Ep. 42 |  Tom Segura & Bert Kreischer
99,Where My Moms At Podcast,58.0,2020-08-10,2020,48731,1335,373,Ep. 58 Don't Trust Your Feelings | Where My Moms At Podcast
103,Your Mom's House,564.0,2020-08-12,2020,1124658,12540,2366,Your Mom's House Podcast - Ep. 564 w/ Johnny Pemberton
102,Dr.Drew After Dark,79.0,2020-08-14,2020,167133,3171,575,Ep. 79 Popping Cysts w/ Josh Potter | Dr. Drew After Dark
104,2 Bears 1 Cave,43.0,2020-08-17,2020,964923,14210,4162,Ep. 43 |  Tom Segura & Bert Kreischer
98,Where My Moms At Podcast,59.0,2020-08-17,2020,113431,2383,461,Ep. 59 Mind-Body Connection w/ LeeAnn Kreischer | Where My Moms At Podcast
102,Your Mom's House,565.0,2020-08-19,2020,647499,10464,2329,Your Mom's House Podcast - Ep. 565
101,Dr.Drew After Dark,80.0,2020-08-21,2020,216941,4366,858,Ep. 80 Vampire Pacts w/ Christina P | Dr. Drew After Dark
103,2 Bears 1 Cave,44.0,2020-08-24,2020,834375,13035,3457,Ep. 44 |  Tom Segura & Bert Kreischer
97,Where My Moms At Podcast,60.0,2020-08-24,2020,69034,1543,304,Ep. 60 Full Time Goth | Where My Mom's At Podcast
101,Your Mom's House,566.0,2020-08-26,2020,736030,10962,1973,Your Mom's House Podcast - Ep. 566
100,Dr.Drew After Dark,81.0,2020-08-28,2020,180001,3833,614,Ep. 81 What's A Chomo? w/ Christina P | Dr. Drew After Dark
96,Where My Moms At Podcast,61.0,2020-08-31,2020,59960,1494,216,Ep. 61 Dog Moms w/ Anjelah Johnson | Where My Moms At Podcast
102,2 Bears 1 Cave,45.0,2020-08-31,2020,925993,14171,2786,Ep. 45 |  Tom Segura & Bert Kreischer
100,Your Mom's House,567.0,2020-09-02,2020,718910,10905,2070,Your Mom's House Podcast - Ep. 567 w/ Fortune Feimster
99,Dr.Drew After Dark,82.0,2020-09-04,2020,213531,3999,1011,Ep. 82 Wandering Eyes w/ Christina P | Dr. Drew After Dark
95,Where My Moms At Podcast,62.0,2020-09-07,2020,51387,1370,207,Ep. 62 Coping w/ Kati Morton | Where My Moms At Podcast
101,2 Bears 1 Cave,46.0,2020-09-07,2020,931797,13544,1831,Ep. 46 |  Tom Segura & Bert Kreischer
99,Your Mom's House,568.0,2020-09-09,2020,733860,11202,2376,Your Mom's House Podcast - Ep. 568 w/ Kevin Nealon
98,Dr.Drew After Dark,83.0,2020-09-11,2020,193211,3966,622,Ep. 83 The Chicken Or The Tok? w/ Christina P | Dr. Drew After Dark
94,Where My Moms At Podcast,63.0,2020-09-14,2020,48359,1193,237,Ep. 63 Cartoon Crushes | Where My Moms At Podcast
100,2 Bears 1 Cave,47.0,2020-09-14,2020,2000815,32682,3964,Ep. 47 |  Tom Segura & LeeAnn Kreischer
98,Your Mom's House,569.0,2020-09-16,2020,1805695,19724,4928,Your Mom's House Podcast - Ep. 569 w/ Duncan Trussell
97,Dr.Drew After Dark,84.0,2020-09-18,2020,470770,8513,915,Ep. 84 Neat Tricks w/ Tom Segura | Dr. Drew After Dark
93,Where My Moms At Podcast,64.0,2020-09-21,2020,47106,1757,265,Ep. 64 Two Dads w/ Riaz Patel | Where My Moms At Podcast
99,2 Bears 1 Cave,48.0,2020-09-21,2020,2030863,41934,5910,Ep. 48 |  Tom Segura & Bobby Lee
97,Your Mom's House,570.0,2020-09-23,2020,736068,11596,2492,Your Mom's House Podcast - Ep. 570 w/ Ian Bagg
96,Dr.Drew After Dark,85.0,2020-09-25,2020,165580,3250,428,Ep. 85 Making The Curve w/ Josh Potter | Dr. Drew After Dark
98,2 Bears 1 Cave,49.0,2020-09-28,2020,951474,16248,2782,Ep. 49 |  Tom Segura & Bert Kreischer
92,Where My Moms At Podcast,65.0,2020-09-28,2020,107239,2431,345,Ep. 65 More Mystery w/ Susan Pinsky | Where My Moms At Podcast
29,The Josh Potter Show,1.0,2020-09-29,2020,247858,14330,2190,Ep. 01 - The First One | Roach Motel w/ Josh Potter
96,Your Mom's House,571.0,2020-09-30,2020,722499,10410,2519,Your Mom's House Podcast - Ep. 571 w/ Marcus King
95,Dr.Drew After Dark,86.0,2020-10-02,2020,211801,3995,1015,Ep. 86 Donating Brown w/ Christina P | Dr. Drew After Dark
97,2 Bears 1 Cave,50.0,2020-10-05,2020,676558,12854,2006,Ep. 50 |  Tom Segura & Bert Kreischer
91,Where My Moms At Podcast,66.0,2020-10-05,2020,63455,1742,232,Ep. 66 Late Bloomer w/ Kevin Nealon | Where My Moms At Podcast
28,The Josh Potter Show,2.0,2020-10-06,2020,203219,8754,1154,Ep. 02 | Roach Motel w/ Josh Potter
95,Your Mom's House,572.0,2020-10-07,2020,1472882,23442,3522,Your Mom's House Podcast - Ep. 572 w/ Chris Distefano
94,Dr.Drew After Dark,87.0,2020-10-09,2020,252668,4702,733,Ep. 87 Loose & Gaping w/ Christina P | Dr. Drew After Dark
90,Where My Moms At Podcast,67.0,2020-10-12,2020,44687,1188,217,Ep. 67 Feminine Wiles | Where My Moms At Podcast
96,2 Bears 1 Cave,51.0,2020-10-12,2020,1068590,16329,2801,Ep. 51 |  Tom Segura & Bert Kreischer
27,The Josh Potter Show,3.0,2020-10-13,2020,155517,6789,743,What Happened To Delonte (EP 03) | Roach Motel w/ Josh Potter
94,Your Mom's House,573.0,2020-10-14,2020,585680,9502,1508,Your Mom's House Podcast - Ep. 573 w/ Steve Byrne
93,Dr.Drew After Dark,88.0,2020-10-16,2020,226533,4299,905,Ep. 88 Garbage People w/ Christina P | Dr. Drew After Dark
95,2 Bears 1 Cave,52.0,2020-10-19,2020,876414,13839,2253,Ep. 52 |  Tom Segura & Bert Kreischer
89,Where My Moms At Podcast,68.0,2020-10-19,2020,54660,1203,152,Ep. 68 Mom-O-Ween | Where My Moms At Podcast
26,The Josh Potter Show,4.0,2020-10-20,2020,150202,6557,833,The Most Prolific (EP 04) | Roach Motel w/ Josh Potter
93,Your Mom's House,574.0,2020-10-21,2020,900311,15286,2613,Your Mom's House Podcast - Ep. 574 w/ Cody Ko
92,Dr.Drew After Dark,89.0,2020-10-23,2020,190379,3696,438,Ep. 89 Soup Stains w/ Christina P | Dr. Drew After Dark
88,Where My Moms At Podcast,69.0,2020-10-26,2020,41778,1127,274,Ep. 69 Little Spoons | Where My Moms At Podcast
94,2 Bears 1 Cave,53.0,2020-10-26,2020,1369956,19326,2427,Ep. 53 |  Tom Segura & Ryan Sickler
25,The Josh Potter Show,5.0,2020-10-27,2020,129160,5299,900,The Fact Police (EP 05) | Roach Motel w/ Josh Potter
92,Your Mom's House,575.0,2020-10-28,2020,568330,9624,2501,Your Mom's House Podcast - Ep. 575 w/ Pauly Shore
91,Dr.Drew After Dark,90.0,2020-10-30,2020,178586,3788,558,Ep. 90 Check Yourself w/ Christina P | Dr. Drew After Dark
93,2 Bears 1 Cave,54.0,2020-11-02,2020,2640814,36494,4670,Ep. 54 |  Tom Segura & Tim Dillon
87,Where My Moms At Podcast,70.0,2020-11-02,2020,38363,1037,219,Ep. 70 Child-Proof Toilets | Where My Moms At Podcast
24,The Josh Potter Show,6.0,2020-11-03,2020,157043,5073,557,Cancelled Costumes (EP 06) | Roach Motel w/ Josh Potter
91,Your Mom's House,576.0,2020-11-04,2020,1279480,17573,3039,Your Mom's House Podcast - Ep. 576 w/ Marc Rebillet
90,Dr.Drew After Dark,91.0,2020-11-06,2020,201152,4024,579,Ep. 91 Juggalo Jeans w/ Christina P | Dr. Drew After Dark
92,2 Bears 1 Cave,55.0,2020-11-09,2020,882662,13971,2709,Ep. 55 |  Tom Segura & Bert Kreischer
86,Where My Moms At Podcast,71.0,2020-11-09,2020,53714,1312,233,Ep. 71 Gross Boy Stuff | Where My Moms At Podcast
23,The Josh Potter Show,7.0,2020-11-10,2020,299947,8059,982,Kissing Antonio Brown (EP 07) with Tom Segura | Roach Motel with Josh Potter
90,Your Mom's House,577.0,2020-11-11,2020,1029656,12388,2836,Your Mom's House Podcast - Ep. 577 w/ Josh Potter
18,Tom Talks,1.0,2020-11-12,2020,361361,15941,3034,Tom Talks -  Ep. 1 w/ Tony Gonzalez
89,Dr.Drew After Dark,92.0,2020-11-13,2020,149740,3309,520,Ep. 92 Love Sacks w/ Josh Potter | Dr. Drew After Dark
91,2 Bears 1 Cave,56.0,2020-11-16,2020,987050,15110,2061,Ep. 56 |  Tom Segura & Bert Kreischer
85,Where My Moms At Podcast,72.0,2020-11-16,2020,245635,4879,572,Ep. 72 Hard & Fast w/ LeeAnn Kreischer | Where My Moms At Podcast
22,The Josh Potter Show,8.0,2020-11-17,2020,150709,4532,822,The Great Rebranding (EP 08) | The Josh Potter Show
89,Your Mom's House,578.0,2020-11-18,2020,1006810,12579,2790,Your Mom's House Podcast - Ep. 578 w/ Josh Wolf
17,Tom Talks,2.0,2020-11-19,2020,284499,10041,1638,Tom Talks -  Ep. 2 w/ Andrew Yang
88,Dr.Drew After Dark,93.0,2020-11-20,2020,196509,3921,670,Ep. 93 P Word Community w/ Christina P | Dr. Drew After Dark
84,Where My Moms At Podcast,73.0,2020-11-23,2020,44574,1255,191,Ep. 73 Dangerous Playgrounds | Where My Moms At Podcast
90,2 Bears 1 Cave,57.0,2020-11-23,2020,884166,15111,4378,Ep. 57 |  Tom Segura & Bert Kreischer
21,The Josh Potter Show,9.0,2020-11-24,2020,127050,3909,645,The Salt Life (EP 09) | The Josh Potter Show
88,Your Mom's House,579.0,2020-11-25,2020,715504,11035,2259,Your Mom's House Podcast - Ep. 579
87,Dr.Drew After Dark,94.0,2020-11-27,2020,159881,3230,379,Ep. 94 Gentlemanly Moves w/ Josh Potter | Dr. Drew After Dark
83,Where My Moms At Podcast,74.0,2020-11-30,2020,53986,1362,260,Ep. 74 No Scrubs | Where My Moms At Podcast
89,2 Bears 1 Cave,58.0,2020-11-30,2020,1069083,15215,2495,Ep. 58 |  Tom Segura & Bert Kreischer
20,The Josh Potter Show,10.0,2020-12-01,2020,130718,3978,697,Everybody Hurts (EP 10) | The Josh Potter Show
87,Your Mom's House,580.0,2020-12-02,2020,749545,11732,2617,Your Mom's House Podcast - Ep. 580
16,Tom Talks,3.0,2020-12-03,2020,180704,4759,901,Tom Talks - Ep3 w/ DJ Premier
86,Dr.Drew After Dark,95.0,2020-12-04,2020,170130,3751,530,Ep. 95 Quicksand Epiphany w/ LeeAnn Kreischer | Dr. Drew After Dark
82,Where My Moms At Podcast,75.0,2020-12-07,2020,77685,1877,271,Ep. 75 Millennials In Quarantine w/ Chase O'Donnell | Where My Moms At Podcast
88,2 Bears 1 Cave,59.0,2020-12-07,2020,1067078,14150,2847,Ep. 59 |  Tom Segura & Bert Kreischer
19,The Josh Potter Show,11.0,2020-12-08,2020,145353,4312,565,Sopranos & Fat Stacks w/ Rob Iler (EP 11) | The Josh Potter Show
86,Your Mom's House,581.0,2020-12-09,2020,706188,10811,2082,Your Mom's House Podcast - Ep. 581
85,Dr.Drew After Dark,96.0,2020-12-11,2020,213254,4525,1068,Ep. 96 Queen Above Eighteen w/ Christina P | Dr. Drew After Dark
87,2 Bears 1 Cave,60.0,2020-12-14,2020,1213931,20006,4036,Ep.60 |  Christina P & Bert Kreischer
81,Where My Moms At Podcast,76.0,2020-12-14,2020,42742,1121,182,Ep. 76 Surviving The Holidays w/ Kati Morton | Where My Moms At Podcast
18,The Josh Potter Show,12.0,2020-12-15,2020,123442,3721,609,Headstrong! (EP 12) | The Josh Potter Show
85,Your Mom's House,582.0,2020-12-16,2020,765420,12470,2113,Your Mom's House Podcast - Ep. 582
84,Dr.Drew After Dark,97.0,2020-12-18,2020,251405,4424,832,Ep. 97 Dr. Pee w/ Christina P | Dr. Drew After Dark
80,Where My Moms At Podcast,77.0,2020-12-21,2020,46301,1249,198,Ep. 77 Listen To Your Body w/ Kati Morton | Where My Moms At Podcast
86,2 Bears 1 Cave,61.0,2020-12-21,2020,986699,16238,7474,Ep.61 |  Whitney Cummings & Bert Kreischer
16,The Josh Potter Show,13.0,2020-12-22,2020,143410,4305,784,Please To Be Watching (EP 13) | The Josh Potter Show
84,Your Mom's House,583.0,2020-12-23,2020,819878,15081,2924,Your Mom's House Podcast - Ep. 583
83,Dr.Drew After Dark,98.0,2020-12-25,2020,154439,3119,533,Ep. 98 Fart Crimes w/ Josh Potter | Dr. Drew After Dark
85,2 Bears 1 Cave,62.0,2020-12-28,2020,628708,11857,1865,Ep.62 |  Dr. Drew & Bert Kreischer
79,Where My Moms At Podcast,78.0,2020-12-28,2020,164663,3832,438,Ep. 78 Good Adjacent w/ LeeAnn Kreischer | Where My Moms At Podcast
17,The Josh Potter Show,14.0,2020-12-29,2020,141343,3767,633,Viewer News (EP 14) | The Josh Potter Show
83,Your Mom's House,584.0,2020-12-30,2020,677636,12505,1969,Your Mom's House Podcast - Ep. 584
78,Where My Moms At Podcast,79.0,2021-01-04,2021,286166,6581,683,Ep. 79 Creative Parenting w/ Bert Kreischer | Where My Moms At Podcast
82,Your Mom's House,585.0,2021-01-06,2021,972228,13045,3282,Your Mom's House Podcast - Ep. 585
77,Where My Moms At Podcast,80.0,2021-01-11,2021,65151,1548,328,Ep. 80 Who Wins Dinner? | Where My Moms At Podcast
84,2 Bears 1 Cave,63.0,2021-01-11,2021,1138616,16676,3349,Ep.63 |  Tom Segura & Bert Kreischer
15,The Josh Potter Show,15.0,2021-01-12,2021,121162,3825,600,UNLIIIMITED (EP 15) | The Josh Potter Show
83,2 Bears 1 Cave,64.0,2021-01-18,2021,1619547,18802,3014,Ep.64 |  Tom Segura & Bert Kreischer
76,Where My Moms At Podcast,81.0,2021-01-18,2021,56790,1423,335,Ep. 81 True Blue Moms | Where My Moms At Podcast
14,The Josh Potter Show,16.0,2021-01-19,2021,160829,4549,661,Hot Mics w/ Ryan Sickler (EP 16) | The Josh Potter Show
80,Your Mom's House,587.0,2021-01-20,2021,740475,11167,2455,Your Mom's House Podcast - Ep. 587
82,Dr.Drew After Dark,99.0,2021-01-22,2021,213348,3921,951,Ep. 99 The Four F's w/ Christina P | Dr. Drew After Dark
81,Your Mom's House,586.0,2021-01-23,2021,260355,3818,787,Your Mom's House Podcast - Ep. 586 | REUPLOADED
75,Where My Moms At Podcast,82.0,2021-01-25,2021,124796,3168,302,Ep. 82 No Whining Rule w/ Ryan Sickler | Where My Moms At Podcast
82,2 Bears 1 Cave,65.0,2021-01-25,2021,1152857,14658,2973,Ep.65 |  Tom Segura & Bert Kreischer
13,The Josh Potter Show,17.0,2021-01-26,2021,103660,4014,607,Text Offenders (EP 17) | The Josh Potter Show
79,Your Mom's House,588.0,2021-01-27,2021,735580,10844,2602,Your Mom's House Podcast - Ep.588 w/ Mary Lynn Rajskub
15,Tom Talks,4.0,2021-01-28,2021,210359,4763,633,Tom Talks - Ep4 w/ Matt Farah
81,Dr.Drew After Dark,100.0,2021-01-29,2021,201962,4083,825,Ep. 100 Mommy Diapers w/ Christina P | Dr. Drew After Dark
74,Where My Moms At Podcast,83.0,2021-02-01,2021,56887,1345,268,"Ep. 83 Live, Laugh, Love | Where My Moms At Podcast"
81,2 Bears 1 Cave,66.0,2021-02-01,2021,1029892,19150,3301,Ep.66 |  Tom Segura & Bert Kreischer
12,The Josh Potter Show,18.0,2021-02-02,2021,109133,3465,504,Now Watch This Drive (EP 18) | The Josh Potter Show
78,Your Mom's House,589.0,2021-02-03,2021,723649,12041,2370,Your Mom's House Podcast - Ep.589
80,Dr.Drew After Dark,101.0,2021-02-05,2021,201952,4198,558,Ep. 101 Tame The Pain w/ Ryan Sickler | Dr. Drew After Dark
80,2 Bears 1 Cave,67.0,2021-02-08,2021,902772,13313,2008,Ep. 67 |  Tom Segura & Bert Kreischer
11,The Josh Potter Show,19.0,2021-02-09,2021,110795,3015,529,All Smokes No Sickness (EP 19) | The Josh Potter Show
77,Your Mom's House,590.0,2021-02-10,2021,765753,12163,3025,Your Mom's House Podcast - Ep.590
14,Tom Talks,5.0,2021-02-11,2021,539675,14397,2018,Tom Talks - Ep5 w/ Ethan Suplee
79,Dr.Drew After Dark,102.0,2021-02-12,2021,163100,3232,561,Ep. 102 Fluid Bond w/ Christina P | Dr. Drew After Dark
79,2 Bears 1 Cave,68.0,2021-02-15,2021,1300914,16069,2131,Ep. 68 |  Tom Segura & Bert Kreischer
73,Where My Moms At Podcast,85.0,2021-02-15,2021,51366,1250,177,Ep. 85 Dog Food Diet | Where My Moms At Podcast
10,The Josh Potter Show,20.0,2021-02-16,2021,121142,4023,898,No More Mr. Nice Boy (EP 20) | The Josh Potter Show
76,Your Mom's House,591.0,2021-02-17,2021,1130041,13086,2085,Your Mom's House Podcast - Ep. 591
78,Dr.Drew After Dark,103.0,2021-02-19,2021,177255,3390,618,"Ep. 103 TikTok, The Musical w/ Christina P | Dr. Drew After Dark"
78,2 Bears 1 Cave,69.0,2021-02-22,2021,1096141,15116,3167,Ep. 69 |  Tom Segura & Bert Kreischer
72,Where My Moms At Podcast,86.0,2021-02-22,2021,58705,1504,398,Ep. 86 TikTok Sunrise | Where My Moms At Podcast
9,The Josh Potter Show,21.0,2021-02-23,2021,128272,3645,691,The Blachelor w/ Chase O'Donnell (EP 21) | The Josh Potter Show
75,Your Mom's House,592.0,2021-02-24,2021,925522,13680,3332,Your Mom's House - Ep. 592
77,Dr.Drew After Dark,104.0,2021-02-26,2021,170886,3291,545,Ep. 104 Fully Engaged w/ Christina P | Dr. Drew After Dark
77,2 Bears 1 Cave,70.0,2021-03-01,2021,1043739,14541,2378,Ep. 70 |  Tom Segura & Bert Kreischer
71,Where My Moms At Podcast,87.0,2021-03-01,2021,52800,1417,248,Ep. 87 Free Flowing | Where My Moms At Podcast
8,The Josh Potter Show,22.0,2021-03-02,2021,109262,3886,958,The Pizza Draft (EP 22) | The Josh Potter Show
74,Your Mom's House,593.0,2021-03-03,2021,1034880,13276,2756,Your Mom's House - Ep. 593
13,Tom Talks,6.0,2021-03-04,2021,278400,7499,1104,Tom Talks - Ep6 w/ Deion Sanders - HD
76,Dr.Drew After Dark,105.0,2021-03-05,2021,226885,4835,1071,Ep. 105 Translating Drew w/ Nadav Itzkowitz | Dr. Drew After Dark
76,2 Bears 1 Cave,71.0,2021-03-08,2021,801310,12922,2469,Ep. 71 |  Tom Segura & Bert Kreischer
70,Where My Moms At Podcast,88.0,2021-03-08,2021,161937,3929,576,Ep. 88 Grape Juice Plus w/ Enny | Where My Moms At Podcast
7,The Josh Potter Show,23.0,2021-03-09,2021,110369,3329,769,RIP Roger Reese (EP 23) | The Josh Potter Show
73,Your Mom's House,594.0,2021-03-10,2021,884920,11337,2617,Your Mom's House Podcast - Ep.594 w/ Hasan Minhaj
75,Dr.Drew After Dark,106.0,2021-03-12,2021,175521,3523,510,Ep. 106 I Tap Dance Now w/ Christina P | Dr. Drew After Dark
69,Where My Moms At Podcast,89.0,2021-03-15,2021,65885,1705,299,Ep. 89 Being Bad Is Too Much Fun | Where My Moms At Podcast
75,2 Bears 1 Cave,72.0,2021-03-15,2021,875430,15225,2527,Ep. 72 |  Tom Segura & Bert Kreischer
6,The Josh Potter Show,24.0,2021-03-16,2021,122399,3247,675,Fully Rogue w/ Sara Weinshenk (EP 24) | The Josh Potter Show
72,Your Mom's House,595.0,2021-03-17,2021,883496,12295,3015,Your Mom's House Podcast - Ep.595
12,Tom Talks,7.0,2021-03-18,2021,87030,2091,292,Tom Talks - Ep7 w/ Derek DelGaudio
74,Dr.Drew After Dark,107.0,2021-03-19,2021,206832,4175,681,Ep. 107 No Big Words w/ Enny | Dr. Drew After Dark
74,2 Bears 1 Cave,73.0,2021-03-22,2021,967814,13919,2618,Ep. 73 |  Tom Segura & Bert Kreischer
68,Where My Moms At Podcast,90.0,2021-03-22,2021,65144,2218,353,Ep. 90 Two Fingers w/ Dion Bardeau | Where My Moms At Podcast
5,The Josh Potter Show,25.0,2021-03-23,2021,120494,3486,707,My Final Eye (EP 25) | The Josh Potter Show
340,Your Mom's House,596.0,2021-03-24,2021,1033064,12829,2933,Your Mom's House Podcast - Ep.596 w/ Jeremiah Watkins
73,Dr.Drew After Dark,108.0,2021-03-26,2021,130312,2750,388,Ep. 108 Why Do They Float? | Dr. Drew After Dark
67,Where My Moms At Podcast,91.0,2021-03-29,2021,58850,1511,283,Ep. 91 Must See TV | Where My Moms At Podcast
73,2 Bears 1 Cave,74.0,2021-03-29,2021,1791153,36097,5860,Ep. 74 |  Andrew Santino & Bobby Lee
4,The Josh Potter Show,26.0,2021-03-30,2021,119889,3338,516,Diabolical or Genius? (EP 26) | The Josh Potter Show
71,Your Mom's House,597.0,2021-03-31,2021,832325,11849,1980,Your Mom's House Podcast - Ep.597
11,Tom Talks,8.0,2021-04-01,2021,165153,3177,362,"Tom Talks - Ep8 w/ Kevin ""KFC Barstool"" Clancy"
72,Dr.Drew After Dark,109.0,2021-04-02,2021,188816,3841,602,Ep. 109 Governor Drew w/ Christina P | Dr. Drew After Dark
66,Where My Moms At Podcast,92.0,2021-04-05,2021,51228,1354,523,Ep. 92 Take It Down A Notch w/ Alexandra Pfeifer | Where My Moms At Podcast
72,2 Bears 1 Cave,75.0,2021-04-05,2021,693929,13676,1726,Ep. 75 |  Tom Segura & Bert Kreischer
3,The Josh Potter Show,27.0,2021-04-06,2021,90062,2555,602,Massage The Glutes (EP 27) | The Josh Potter Show
70,Your Mom's House,598.0,2021-04-07,2021,688140,10955,1937,Your Mom's House Podcast - Ep.598
71,Dr.Drew After Dark,110.0,2021-04-09,2021,176796,3582,529,Ep. 110 Jealous Jeans w/ Christina P | Dr. Drew After Dark
71,2 Bears 1 Cave,76.0,2021-04-12,2021,1001924,13104,3036,Ep. 76 |  Tom Segura & Bert Kreischer
65,Where My Moms At Podcast,93.0,2021-04-12,2021,48465,1149,178,Ep. 93 Mommy Doctor w/ Dr. Jessica Hochman | Where My Moms At Podcast
2,The Josh Potter Show,28.0,2021-04-13,2021,94676,2495,451,"Red Wire, Blue Wire (EP 28) | The Josh Potter Show"
69,Your Mom's House,599.0,2021-04-14,2021,736013,11101,2073,Your Mom's House Podcast - Ep.599 w/ Rob Iler
10,Tom Talks,9.0,2021-04-15,2021,89898,2310,309,Tom Talks - Ep9 w/ Chef Jos√© Andr√©s
70,Dr.Drew After Dark,111.0,2021-04-16,2021,152459,3802,610,Ep. 111 Trust Building w/ The Booth Boys | Dr. Drew After Dark
64,Where My Moms At Podcast,94.0,2021-04-19,2021,115126,2924,386,Ep. 94 Who Needs Plates? w/ Rob Iler | Where My Moms At Podcast
70,2 Bears 1 Cave,77.0,2021-04-19,2021,1090640,15795,2134,Ep. 77 |  Tom Segura & Bert Kreischer
1,The Josh Potter Show,29.0,2021-04-20,2021,119728,2966,578,Dealbreakers w/ Chase O'Donnell (EP 29) | The Josh Potter Show
68,Your Mom's House,600.0,2021-04-21,2021,598843,10468,1916,Your Mom's House Podcast - Ep.600
69,Dr.Drew After Dark,112.0,2021-04-23,2021,153436,3361,417,Ep. 112 Life Coaching w/ The Booth Boys | Dr. Drew After Dark
69,2 Bears 1 Cave,78.0,2021-04-26,2021,757440,13164,1691,Ep. 78 |  Tom Segura & Bert Kreischer
63,Where My Moms At Podcast,95.0,2021-04-26,2021,55569,1501,235,Ep. 95 I Gotta Write That Down | Where My Moms At Podcast
0,The Josh Potter Show,30.0,2021-04-27,2021,107547,2818,484,We're Moving!! (EP 30) | The Josh Potter Show
67,Your Mom's House,601.0,2021-04-28,2021,708306,11702,1790,Your Mom's House Podcast - Ep.601 w/ Yannis Pappas
9,Tom Talks,10.0,2021-04-29,2021,1014841,18720,1835,Tom Talks - Ep10 w/ Andrew Santino
68,Dr.Drew After Dark,113.0,2021-04-30,2021,148765,3223,432,Ep. 113 Roleplaying w/ The Booth Boys | Dr. Drew After Dark
62,Where My Moms At Podcast,96.0,2021-05-03,2021,92339,2391,308,Ep. 96 Don't  Think About It w/ Chase O'Donnell | Where My Moms At Podcast
68,2 Bears 1 Cave,79.0,2021-05-03,2021,659972,13167,1446,Ep. 79 |  Tom Segura & Josh Potter
66,Your Mom's House,602.0,2021-05-05,2021,645796,9787,1483,Your Mom's House Podcast - Ep.602 w/ Justin Martindale
67,Dr.Drew After Dark,114.0,2021-05-07,2021,171960,3737,738,Ep. 114 Coming Up In May w/ Chase O'Donnell | Dr. Drew After Dark
67,2 Bears 1 Cave,80.0,2021-05-10,2021,498606,11726,1645,Ep. 80 |  Ryan Sickler & Bert Kreischer
61,Where My Moms At Podcast,97.0,2021-05-10,2021,51853,1399,229,Ep. 97 Timing Is Everything | Where My Moms At Podcast
65,Your Mom's House,603.0,2021-05-12,2021,648310,10569,2001,Your Mom's House Podcast - Ep.603
8,Tom Talks,11.0,2021-05-13,2021,310094,8757,1146,Tom Talks - Ep11 w/ DEA Agent Stephen Murphy
66,Dr.Drew After Dark,115.0,2021-05-14,2021,137137,3138,446,Ep. 115 Option Two w/ The Booth Boys | Dr. Drew After Dark
66,2 Bears 1 Cave,81.0,2021-05-17,2021,619308,12451,1336,Ep. 81 |  Tom Segura & Brian Simpson
60,Where My Moms At Podcast,98.0,2021-05-17,2021,180961,4500,550,Ep. 98 Borderline w/Ryan Sickler | Where My Moms At Podcast
64,Your Mom's House,604.0,2021-05-19,2021,674452,11834,1811,Your Mom's House Podcast - Ep.604 w/ Shuli Egar
65,Dr.Drew After Dark,116.0,2021-05-21,2021,136239,3205,421,Ep. 116 Getting Real Cool w/ The Booth Boys | Dr. Drew After Dark
59,Where My Moms At Podcast,99.0,2021-05-24,2021,50949,1734,328,Ep. 99 I Like It All w/ Dr. Debra Soh | Where My Moms At?
65,2 Bears 1 Cave,82.0,2021-05-24,2021,1852914,36206,3857,Ep. 82 |  Steve-O & Bert Kreischer
63,Your Mom's House,605.0,2021-05-26,2021,592503,10406,2144,Your Mom's House Podcast - Ep.605
7,Tom Talks,12.0,2021-05-27,2021,321586,10887,1002,"Tom Talks - Ep12 w/ Milton Little, MD - Tom's Trauma Surgeon"
64,Dr.Drew After Dark,117.0,2021-05-28,2021,149756,3290,502,Ep. 117 The Coming Edge w/ The Booth Boys | Dr. Drew After Dark
58,Where My Moms At Podcast,100.0,2021-05-31,2021,58399,1662,258,Ep. 100 Built To Breed | Where My Moms At?
64,2 Bears 1 Cave,83.0,2021-05-31,2021,926785,27691,5308,Ep. 83 |  Tom Segura & Ethan Klein
62,Your Mom's House,606.0,2021-06-02,2021,846710,12308,2450,Your Mom's House Podcast - Ep.606
63,Dr.Drew After Dark,118.0,2021-06-04,2021,108908,2644,371,Ep. 118 Mommy Hole w/ The Booth Boys | Dr. Drew After Dark
63,2 Bears 1 Cave,84.0,2021-06-07,2021,660709,15712,2502,Ep. 84 |  Tom Segura & Godfrey
57,Where My Moms At Podcast,101.0,2021-06-07,2021,57442,1455,215,Ep. 101 Oh Boy Is Right | Where My Moms At?
61,Your Mom's House,607.0,2021-06-09,2021,1281589,14353,3056,Your Mom's House Podcast - Ep.607 w/ Nate Bargatze
6,Tom Talks,13.0,2021-06-10,2021,151773,3399,365,Tom Talks - Ep13 w/ Chris Long
62,Dr.Drew After Dark,119.0,2021-06-11,2021,172280,5041,1352,Ep. 119 Dark Holes w/ The Booth Boys | Dr. Drew After Dark
62,2 Bears 1 Cave,85.0,2021-06-14,2021,986456,19231,2238,Ep. 85 |  Tom Segura & Mark Normand
56,Where My Moms At Podcast,102.0,2021-06-14,2021,132655,3327,459,Ep. 102 How Women Work w/ LeeAnn Kreischer | Where My Moms At?
60,Your Mom's House,608.0,2021-06-16,2021,707950,11845,2305,Your Mom's House Podcast - Ep.608
61,Dr.Drew After Dark,120.0,2021-06-18,2021,171261,3340,483,Ep. 120 That's A Lot w/ The Booth Boys | Dr. Drew After Dark
55,Where My Moms At Podcast,103.0,2021-06-21,2021,278520,7840,909,Ep. 103 A Chola Named Lix w/ Khalyla Kuhn | Where My Moms At?
61,2 Bears 1 Cave,86.0,2021-06-21,2021,714837,14992,1552,Ep. 86 |  Tom Segura & Felipe Esparza
59,Your Mom's House,609.0,2021-06-23,2021,795341,10308,4087,Your Mom's House Podcast - Ep.609 w/ Nikki Glaser & Andrew Collin
5,Tom Talks,14.0,2021-06-24,2021,68012,1597,213,Tom Talks - Ep14 w/ Johnny Kanavas - Racecar Driver
60,Dr.Drew After Dark,121.0,2021-06-25,2021,123595,3310,537,Ep. 121 Everyone Needs Therapy w/ The Booth Boys | Dr. Drew After Dark
54,Where My Moms At Podcast,104.0,2021-06-28,2021,124160,3583,561,"Ep. 104 Injured Wife, Happy Life | Where My Moms At?"
60,2 Bears 1 Cave,87.0,2021-06-28,2021,662577,13655,1721,Ep. 87 |  Tom Segura & Greg Fitzsimmons
58,Your Mom's House,610.0,2021-06-30,2021,528307,9958,1920,Your Mom's House Podcast - Ep.610 w/ Ian Bagg
59,Dr.Drew After Dark,122.0,2021-07-02,2021,136512,3090,402,Ep. 122 The Sound of Coming w/ The Booth Boys | Dr. Drew After Dark
59,2 Bears 1 Cave,88.0,2021-07-05,2021,1065956,18234,2572,Ep. 88 |  Tom Segura & Anthony Jeselnik
53,Where My Moms At Podcast,105.0,2021-07-05,2021,78448,2167,504,"Ep. 105 Scoot Scoot, Bling Bling | Where My Moms At?"
57,Your Mom's House,611.0,2021-07-07,2021,680461,12054,1760,Your Mom's House Podcast - Ep.611 w/ Russell Peters
4,Tom Talks,15.0,2021-07-08,2021,189890,4414,647,Tom Talks - Ep15 w/ Christian Hand
58,Dr.Drew After Dark,123.0,2021-07-09,2021,161202,3399,542,Ep. 123 Hard Hitting Questions w/ The Booth Boys | Dr. Drew After Dark
58,2 Bears 1 Cave,89.0,2021-07-12,2021,536520,10743,1923,Ep. 89 |  Tom Segura & Cassius Marsh
56,Your Mom's House,612.0,2021-07-14,2021,815154,12664,2595,Your Mom's House Podcast - Ep.612 w/ Johnny Pemberton
57,Dr.Drew After Dark,124.0,2021-07-16,2021,148546,3018,474,Ep. 124 It's Like Aloha w/ The Booth Boys | Dr. Drew After Dark
52,Where My Moms At Podcast,106.0,2021-07-19,2021,56441,1570,281,Ep. 106 Share Your Truth | Where My Moms At?
57,2 Bears 1 Cave,90.0,2021-07-19,2021,1079579,17182,2212,Ep. 90 |  Tom Segura & Marc Maron
55,Your Mom's House,613.0,2021-07-21,2021,585217,9619,1482,Your Mom's House Podcast - Ep.613 w/ Ian Edwards
56,Dr.Drew After Dark,125.0,2021-07-23,2021,112202,2965,361,Ep. 125 Holes & Cracks w/ The Booth Boys | Dr. Drew After Dark
51,Where My Moms At Podcast,107.0,2021-07-26,2021,56602,1493,308,Ep. 107 Vertebrae Snapping w/ Scott Pfaff | Where My Moms At?
56,2 Bears 1 Cave,91.0,2021-07-26,2021,909579,14420,4535,Ep. 91 |  Tom Segura & Brendan Schaub
54,Your Mom's House,614.0,2021-07-28,2021,716341,14029,2006,Your Mom's House Podcast - Ep.614 w/ George Perez
55,Dr.Drew After Dark,126.0,2021-07-30,2021,101242,2561,352,Ep. 126 I Don't Wanna See It w/ The Booth Boys | Dr. Drew After Dark
50,Where My Moms At Podcast,108.0,2021-08-02,2021,116191,3308,472,Ep. 108 Antisocial Champ w/ Rob Iler | Where My Moms At?
55,2 Bears 1 Cave,92.0,2021-08-02,2021,1271296,23357,3144,Ep. 92 |  Tom Segura & Bert Kreischer
53,Your Mom's House,615.0,2021-08-04,2021,1280924,27969,2901,Your Mom's House Podcast - Ep.615 w/ Bill Burr
3,Tom Talks,16.0,2021-08-05,2021,166333,4888,560,Tom Talks - Ep16 w/ Talib Kweli
54,Dr.Drew After Dark,127.0,2021-08-06,2021,129793,3159,448,Ep. 127 Outside The Body w/ The Booth Boys | Dr. Drew After Dark
49,Where My Moms At Podcast,109.0,2021-08-09,2021,49438,1445,259,Ep. 109 Part Of My Charm | Where My Moms At?
54,2 Bears 1 Cave,93.0,2021-08-09,2021,1018296,16491,2648,Ep. 93 |  Tom Segura & Bert Kreischer
52,Your Mom's House,616.0,2021-08-11,2021,665186,12421,2092,Your Mom's House Podcast - Ep.616 w/ Beth Stelling
53,Dr.Drew After Dark,128.0,2021-08-13,2021,150678,3169,436,Ep. 128 Daddy Drew w/ The Booth Boys | Dr. Drew After Dark
48,Where My Moms At Podcast,110.0,2021-08-16,2021,62066,1680,260,Ep. 110 That is FOUL | Where My Moms At?
53,2 Bears 1 Cave,94.0,2021-08-16,2021,1023403,19199,2125,Ep. 94 |  Tom Segura & Bert Kreischer
51,Your Mom's House,617.0,2021-08-18,2021,806041,15012,2473,Your Mom's House Podcast - Ep.617 w/ Ryan Sickler
2,Tom Talks,17.0,2021-08-19,2021,237582,5454,393,Tom Talks - Ep17 w/ Daymond John
52,Dr.Drew After Dark,129.0,2021-08-20,2021,156807,3858,560,Ep. 129 X-Ray Vision w/ The Booth Boys | Dr. Drew After Dark
47,Where My Moms At Podcast,111.0,2021-08-23,2021,41503,1322,169,Ep. 111 Concealing Chaos w/Kati Morton | Where My Moms At?
52,2 Bears 1 Cave,95.0,2021-08-23,2021,990507,16179,2056,Ep. 95 |  Tom Segura & Bert Kreischer
50,Your Mom's House,618.0,2021-08-25,2021,765427,12545,3173,Your Mom's House Podcast - Ep.618
51,Dr.Drew After Dark,130.0,2021-08-27,2021,152019,3310,477,Ep. 130 It's Only Smells w/ The Booth Boys | Dr. Drew After Dark
46,Where My Moms At Podcast,112.0,2021-08-30,2021,53598,1786,255,Ep. 112 Relax | Where My Moms At?
51,2 Bears 1 Cave,96.0,2021-08-30,2021,409301,8187,1340,Ep. 96 |  Tom Segura & Roy Wood Jr.
49,Your Mom's House,619.0,2021-09-01,2021,1051575,20167,5233,Your Mom's House Podcast w/ Shaggy Two Dope & The Creep - Ep. 619
1,Tom Talks,18.0,2021-09-02,2021,174492,4524,679,Tom Talks - Ep18 w/ Kevin O'Leary
50,Dr.Drew After Dark,131.0,2021-09-03,2021,173219,3759,549,Ep. 131 Are You Borderline? w/ The Booth Boys | Dr. Drew After Dark
45,Where My Moms At Podcast,113.0,2021-09-06,2021,46311,1490,152,Ep. 113 What They're Made For | Where My Moms At?
50,2 Bears 1 Cave,97.0,2021-09-06,2021,656915,11485,2282,Ep. 97 |  Dr. Drew & Bert Kreischer
48,Your Mom's House,620.0,2021-09-08,2021,728888,11956,3168,Your Mom's House Podcast - Ep.620
49,Dr.Drew After Dark,132.0,2021-09-10,2021,138609,3567,565,Ep. 132 Traits From Trauma w/ The Booth Boys | Dr. Drew After Dark
44,Where My Moms At Podcast,114.0,2021-09-13,2021,52420,1829,342,Ep. 114 Love Yourself | Where My Moms At?
49,2 Bears 1 Cave,98.0,2021-09-13,2021,838432,12651,1841,Ep. 98 |  Tom Segura & Bert Kreischer
47,Your Mom's House,621.0,2021-09-15,2021,565712,9780,1479,Your Mom's House Podcast w/ Kevin Christy - Ep.621
0,Tom Talks,19.0,2021-09-16,2021,92226,2098,174,Tom Talks - Ep19 w/ Mark Manson
48,Dr.Drew After Dark,133.0,2021-09-17,2021,161530,3728,602,Ep. 133 Force Of Your Hole w/ The Booth Boys | Dr. Drew After Dark
48,2 Bears 1 Cave,99.0,2021-09-20,2021,899112,14346,2379,Ep. 99 |  Ari Shaffir & Bert Kreischer
43,Where My Moms At Podcast,115.0,2021-09-20,2021,54231,1609,204,Ep. 115 Talk Less | Where My Moms At?
46,Your Mom's House,622.0,2021-09-22,2021,551016,10915,1753,Your Mom's House Podcast - Ep.622
47,Dr.Drew After Dark,134.0,2021-09-24,2021,153712,3938,451,Ep. 134 Getting Submissive w/ The Booth Boys | Dr. Drew After Dark
42,Where My Moms At Podcast,116.0,2021-09-27,2021,48445,1426,154,Ep. 116 Damage Control | Where My Moms At?
47,2 Bears 1 Cave,100.0,2021-09-27,2021,755174,14733,2711,Ep. 100 |  Tom Segura & Bert Kreischer
45,Your Mom's House,623.0,2021-09-29,2021,1652626,20939,4153,Your Mom's House Podcast w/ Shane Gillis - Ep.623
46,Dr.Drew After Dark,135.0,2021-10-01,2021,133471,3016,403,"Ep. 135 ""D"" Support w/ The Booth Boys | Dr. Drew After Dark"
41,Where My Moms At Podcast,117.0,2021-10-04,2021,56112,1707,245,Ep. 117 Cool Dad Moves | Where My Moms At?
46,2 Bears 1 Cave,101.0,2021-10-04,2021,953017,15506,2206,Ep. 101 |  Tom Segura & Bert Kreischer
44,Your Mom's House,624.0,2021-10-06,2021,842739,16685,2933,Your Mom's House Podcast w/ Chris Hansen - Ep.624
45,Dr.Drew After Dark,136.0,2021-10-08,2021,137734,2947,393,Ep. 136 Glad You Asked w/ The Booth Boys | Dr. Drew After Dark
40,Where My Moms At Podcast,118.0,2021-10-11,2021,46266,1462,186,Ep. 118 Bye Bye Bunk Bed | Where My Moms At?
45,2 Bears 1 Cave,102.0,2021-10-11,2021,760261,12834,1399,Ep. 102 |  Tom Segura & Bert Kreischer
43,Your Mom's House,625.0,2021-10-13,2021,887016,16208,4044,Your Mom's House Podcast - Ep. 625
44,Dr.Drew After Dark,137.0,2021-10-15,2021,117154,2833,327,Ep. 137 Fugue State w/ The Booth Boys | Dr. Drew After Dark
39,Where My Moms At Podcast,119.0,2021-10-18,2021,51785,1644,178,Ep. 119 Why Workout? w/Kati Morton | Where My Moms At?
44,2 Bears 1 Cave,103.0,2021-10-18,2021,694372,13055,1488,Ep. 103 |  Tom Segura & Bert Kreischer
42,Your Mom's House,626.0,2021-10-20,2021,657443,12509,2784,Your Mom's House Podcast - Ep. 626
43,Dr.Drew After Dark,138.0,2021-10-22,2021,162818,3084,349,Ep. 138 It Can Break You w/ The Booth Boys | Dr. Drew After Dark
38,Where My Moms At Podcast,120.0,2021-10-25,2021,52015,1707,233,Ep. 120 So Dumb | Where My Moms At?
43,2 Bears 1 Cave,104.0,2021-10-25,2021,923656,15121,2064,Ep. 104 |  Tom Segura & Bert Kreischer
41,Your Mom's House,627.0,2021-10-27,2021,788210,14057,3471,Your Mom's House Podcast - Ep. 627
42,Dr.Drew After Dark,139.0,2021-10-29,2021,207277,4973,714,Ep. 139 Definitely Ghosts w/ Enny | Dr. Drew After Dark
42,2 Bears 1 Cave,105.0,2021-11-01,2021,694485,12748,2187,Ep. 105 |  Tom Segura & Bert Kreischer
40,Dr.Drew After Dark,140.0,2021-11-05,2021,232987,5261,618,Ep. 140 You Need Friction w/ Christina P | Dr. Drew After Dark
41,2 Bears 1 Cave,106.0,2021-11-08,2021,580002,14049,2273,Ep. 106 |  Tom Segura & Bert Kreischer
37,Where My Moms At Podcast,121.0,2021-11-08,2021,54057,1792,288,Ep. 121 Sudafed Chronicles Part One | Where My Moms At?
40,Your Mom's House,629.0,2021-11-10,2021,779287,13990,1950,Your Mom's House Podcast - Ep. 629
41,Dr.Drew After Dark,141.0,2021-11-12,2021,181821,4156,628,Ep. 141 Comfortable With Rage w/ Christina P | Dr. Drew After Dark
40,2 Bears 1 Cave,107.0,2021-11-15,2021,827765,15023,1500,Ep. 107 |  Tom Segura & Bert Kreischer
36,Where My Moms At Podcast,122.0,2021-11-15,2021,51621,1510,269,Ep. 122 Sudafed Chronicles Part Two (Trap Remix) | Where My Moms At?
39,Your Mom's House,630.0,2021-11-17,2021,729977,12889,1841,Your Mom's House Podcast - Ep. 630
39,Dr.Drew After Dark,142.0,2021-11-19,2021,177146,3538,441,Ep. 142 Think You're Cool? w/ The Booth Boys | Dr. Drew After Dark
35,Where My Moms At Podcast,123.0,2021-11-22,2021,66773,1936,281,Ep. 123 The Return Of Chris | Where My Moms At?
39,2 Bears 1 Cave,108.0,2021-11-22,2021,848374,13531,1462,Ep. 108 |  Tom Segura & Bert Kreischer
38,Your Mom's House,631.0,2021-11-24,2021,650956,11440,1774,Your Mom's House Podcast - Ep. 631
38,Dr.Drew After Dark,143.0,2021-11-26,2021,145250,3247,368,"Ep. 143 Can't Stop, Won't Stop w/ The Booth Boys | Dr. Drew After Dark"
38,2 Bears 1 Cave,109.0,2021-11-29,2021,755682,13627,2254,Ep. 109 |  Tom Segura & Bert Kreischer
37,Your Mom's House,632.0,2021-12-01,2021,714304,13098,2133,Your Mom's House Podcast - Ep. 632
37,Dr.Drew After Dark,144.0,2021-12-03,2021,199874,5531,806,Ep. 144 Everybody's Gonna Know w/ Susan Pinsky | Dr. Drew After Dark
34,Where My Moms At Podcast,124.0,2021-12-06,2021,68864,2047,364,Ep. 124 TikTok Crybaby | Where My Moms At?
37,2 Bears 1 Cave,110.0,2021-12-06,2021,863553,14068,2342,Ep. 110 |  Tom Segura & Bert Kreischer
36,Your Mom's House,633.0,2021-12-08,2021,669854,12950,2320,Your Mom's House Podcast - Ep. 633
36,Dr.Drew After Dark,145.0,2021-12-10,2021,146427,3450,648,Ep. 145 Life Is Too Short w/ The Booth Boys | Dr. Drew After Dark
36,2 Bears 1 Cave,111.0,2021-12-13,2021,597147,11551,1600,Ep. 111 |  Tom Segura & Bert Kreischer
33,Where My Moms At Podcast,125.0,2021-12-13,2021,58239,1724,341,Ep. 125 No Red Flags | Where My Moms At?
35,Your Mom's House,634.0,2021-12-15,2021,737914,12735,2010,Your Mom's House Podcast - Ep. 634
35,Dr.Drew After Dark,146.0,2021-12-17,2021,158564,3746,478,Ep. 146 I'm Done w/ The Booth Boys | Dr. Drew After Dark
32,Where My Moms At Podcast,126.0,2021-12-20,2021,120609,3362,622,Ep. 126 Mrs. Pants w/Chase O'Donnell | Where My Moms At?
35,2 Bears 1 Cave,112.0,2021-12-20,2021,580072,11065,2646,Ep. 112 |  Tom Segura & Bert Kreischer
34,Your Mom's House,635.0,2021-12-22,2021,627399,12451,1943,Your Mom's House Podcast - Ep. 635
34,Dr.Drew After Dark,147.0,2021-12-24,2021,144999,3189,441,Ep. 147 Breaking Drew w/ The Booth Boys | Dr. Drew After Dark
34,2 Bears 1 Cave,113.0,2021-12-27,2021,713123,12519,1896,Ep. 113 |  Tom Segura & Bert Kreischer
33,Your Mom's House,636.0,2021-12-29,2021,3138823,98165,18337,Your Mom's House Podcast w/ Andrew Tate - Ep.636
33,Dr.Drew After Dark,148.0,2021-12-31,2021,156921,3359,433,Ep. 148 Don't Call Me Daddy w/ The Booth Boys | Dr. Drew After Dark
33,2 Bears 1 Cave,114.0,2022-01-03,2022,780679,15305,2159,Ep. 114 |  Tom Segura & Bert Kreischer
32,Your Mom's House,637.0,2022-01-05,2022,699961,13870,2228,Your Mom's House Podcast - Ep.637
32,Dr.Drew After Dark,149.0,2022-01-07,2022,136310,3322,439,Ep. 149 The Gag Couple w/ The Booth Boys | Dr. Drew After Dark
31,Where My Moms At Podcast,127.0,2022-01-10,2022,69973,2382,372,Ep. 127 Welcome Back | Where My Moms At?
32,2 Bears 1 Cave,115.0,2022-01-10,2022,652035,15761,3651,Ep. 115 |  Tom Segura & Bert Kreischer
31,Your Mom's House,638.0,2022-01-12,2022,660107,12532,2215,Your Mom's House Podcast - Ep.638
31,Dr.Drew After Dark,150.0,2022-01-14,2022,171335,4395,653,Ep. 150 My Man w/ Susan Pinsky | Dr. Drew After Dark
30,Where My Moms At Podcast,128.0,2022-01-17,2022,46004,1690,281,Ep. 128 Punk Nerds | Where My Moms At?
31,2 Bears 1 Cave,116.0,2022-01-17,2022,715200,12413,2107,Ep. 116 |  Tom Segura & Bert Kreischer
30,Your Mom's House,639.0,2022-01-19,2022,639903,12219,2425,Your Mom's House Podcast - Ep.639
30,Dr.Drew After Dark,151.0,2022-01-21,2022,175686,3337,500,Ep. 151 Messing Up Your Brain w/ The Booth Boys | Dr. Drew After Dark
29,Where My Moms At Podcast,129.0,2022-01-24,2022,59297,1770,309,Ep. 129 Keep It Open | Where My Moms At?
30,2 Bears 1 Cave,117.0,2022-01-24,2022,751296,14288,2036,Ep. 117 |  Tom Segura & Ari Shaffir
29,Your Mom's House,640.0,2022-01-26,2022,636544,15492,4765,Your Mom's House Podcast - Ep.640
29,Dr.Drew After Dark,152.0,2022-01-28,2022,155448,3226,403,Ep. 152 Completely Washed w/ The Booth Boys | Dr. Drew After Dark
29,2 Bears 1 Cave,118.0,2022-01-31,2022,706986,14179,2905,Ep. 118 |  Tom Segura & Bert Kreischer
28,Where My Moms At Podcast,130.0,2022-01-31,2022,57012,1914,758,Ep. 130 Pie In Your Face | Where My Moms At?
28,Your Mom's House,641.0,2022-02-02,2022,690843,12602,2222,Your Mom's House Podcast w/ Jim Gaffigan - Ep.641
28,Dr.Drew After Dark,153.0,2022-02-04,2022,137397,2984,410,Ep. 153 This Is A Burden w/ The Booth Boys | Dr. Drew After Dark
28,2 Bears 1 Cave,119.0,2022-02-07,2022,740096,14260,3059,Ep. 119 |  Tom Segura & Bert Kreischer
27,Where My Moms At Podcast,131.0,2022-02-07,2022,60101,1839,293,Ep. 131 Cut The Cord | Where My Moms At?
27,Your Mom's House,642.0,2022-02-09,2022,808579,14737,2636,Your Mom's House Podcast w/ David Cross - Ep.642
27,Dr.Drew After Dark,154.0,2022-02-11,2022,131876,3076,450,Ep. 154 There You Go w/ The Booth Boys | Dr. Drew After Dark
27,2 Bears 1 Cave,120.0,2022-02-14,2022,1145042,23571,2059,Ep. 120 |  Tom Segura & David Spade
26,Where My Moms At Podcast,132.0,2022-02-14,2022,60370,1810,249,Ep. 132 Not Today Jesus w/Kati Morton | Where My Moms At?
26,Your Mom's House,643.0,2022-02-16,2022,660968,12965,2019,Your Mom's House Podcast - Ep.643
26,Dr.Drew After Dark,155.0,2022-02-18,2022,156321,3714,1016,Ep. 155 Dr. Diarrhea w/ Susan Pinsky | Dr. Drew After Dark
26,2 Bears 1 Cave,121.0,2022-02-21,2022,954897,15330,1934,Ep. 121 |  Tom Segura & Bert Kreischer
25,Where My Moms At Podcast,133.0,2022-02-21,2022,57335,1739,243,Ep. 133 Is Your Mom Hot? | Where My Moms At?
25,Your Mom's House,644.0,2022-02-23,2022,838245,21394,5711,Your Mom's House Podcast w/ Charo & Blanca - Ep.644
25,Dr.Drew After Dark,156.0,2022-02-25,2022,131187,3139,514,Ep. 156 Scarier Than Ghosts w/ The Booth Boys | Dr. Drew After Dark
25,2 Bears 1 Cave,122.0,2022-02-28,2022,816062,12651,1465,Ep. 122 |  Tom Segura & Bert Kreischer
24,Where My Moms At Podcast,134.0,2022-02-28,2022,65863,2001,258,Ep. 134 Come Get A Suckle w/Jenny Pentland | Where My Moms At?
24,Your Mom's House,645.0,2022-03-02,2022,600200,10684,1806,Your Mom's House Podcast w/ Geoff Tate - Ep.645
24,Dr.Drew After Dark,157.0,2022-03-04,2022,118266,2992,298,Ep. 157 No Further Questions w/ The Booth Boys | Dr. Drew After Dark
24,2 Bears 1 Cave,123.0,2022-03-07,2022,772174,11782,1521,Ep. 123 |  Tom Segura & Bert Kreischer
23,Your Mom's House,646.0,2022-03-09,2022,535684,10370,1441,Your Mom's House Podcast w/Jenny Pentland - Ep.646
23,Dr.Drew After Dark,158.0,2022-03-11,2022,124620,3416,529,Ep. 158 Erogenous Zones w/ Susan Pinsky | Dr. Drew After Dark
23,Where My Moms At Podcast,135.0,2022-03-14,2022,52277,1723,296,Ep. 135 Six Thousand Calories | Where My Moms At?
23,2 Bears 1 Cave,124.0,2022-03-14,2022,720955,13031,1611,Ep. 124 |  Tom Segura & Bert Kreischer
22,Your Mom's House,647.0,2022-03-16,2022,516839,12181,2091,Your Mom's House Podcast - Ep.647
22,Dr.Drew After Dark,159.0,2022-03-18,2022,159503,3888,569,Ep. 159 I'm A Performer w/ Nadav Itzkowitz | Dr. Drew After Dark
22,2 Bears 1 Cave,125.0,2022-03-21,2022,732438,12075,1630,Ep. 125 |  Tom Segura & Bert Kreischer
22,Where My Moms At Podcast,136.0,2022-03-21,2022,49131,1678,262,Ep. 136 Off The Rails | Where My Moms At?
21,Your Mom's House,648.0,2022-03-23,2022,623362,10975,3017,Your Mom's House Podcast - Ep.648
21,Dr.Drew After Dark,160.0,2022-03-25,2022,100330,3145,591,Ep. 160 What Are You Laughing At? w/ Mike Catherwood | Dr. Drew After Dark
21,2 Bears 1 Cave,126.0,2022-03-28,2022,722439,11453,1145,Ep. 126 |  Tom Segura & Bert Kreischer
21,Where My Moms At Podcast,137.0,2022-03-28,2022,53478,1756,291,Ep. 137 Crushes Are For Recess | Where My Moms At?
20,Your Mom's House,649.0,2022-03-30,2022,759813,14367,2227,Your Mom's House Podcast - Ep.649
20,Dr.Drew After Dark,161.0,2022-04-01,2022,130793,3139,385,Ep. 161 Carnivorous w/ The Booth Boys | Dr. Drew After Dark
20,2 Bears 1 Cave,127.0,2022-04-04,2022,669671,12197,1676,Ep. 127 |  Tom Segura & Bert Kreischer
20,Where My Moms At Podcast,138.0,2022-04-04,2022,53777,1882,228,Ep. 138 Builders & Breakers | Where My Moms At?
19,Your Mom's House,650.0,2022-04-06,2022,1251149,22642,2684,Your Mom's House Podcast w/Chris Distefano - Ep.650
19,Dr.Drew After Dark,162.0,2022-04-08,2022,125594,2805,328,Ep. 162 A Classic Bear w/ The Booth Boys | Dr. Drew After Dark
19,2 Bears 1 Cave,128.0,2022-04-11,2022,712891,13307,1810,Ep. 128 |  Tom Segura & Bert Kreischer
19,Where My Moms At Podcast,139.0,2022-04-11,2022,56027,1785,296,Ep. 139 Call Me Sir | Where My Moms At?
18,Your Mom's House,651.0,2022-04-13,2022,540237,11657,1768,Your Mom's House Podcast - Ep.651
18,Dr.Drew After Dark,163.0,2022-04-15,2022,136724,3189,463,Ep. 163 I Got An IUD Bay-Beee! w/ The Booth Boys | Dr. Drew After Dark
18,2 Bears 1 Cave,129.0,2022-04-18,2022,769339,23648,3018,Ep. 129 |  Tom Segura & Bert Kreischer
18,Where My Moms At Podcast,140.0,2022-04-18,2022,54544,1811,303,Ep. 140 Warm Your Wax | Where My Moms At?
17,Your Mom's House,652.0,2022-04-20,2022,648132,12668,2544,Your Mom's House Podcast - Ep.652
17,Dr.Drew After Dark,164.0,2022-04-22,2022,136405,3108,451,Ep. 164 Split Stream w/ The Booth Boys | Dr. Drew After Dark
17,2 Bears 1 Cave,130.0,2022-04-25,2022,729505,11852,1700,Ep. 130 |  Tom Segura & Bert Kreischer
17,Where My Moms At Podcast,141.0,2022-04-25,2022,63219,2100,381,Ep. 141 Oui Oui | Where My Moms At?
16,Your Mom's House,653.0,2022-04-27,2022,622085,12149,1751,Your Mom's House Podcast - Ep.653
16,Dr.Drew After Dark,165.0,2022-04-29,2022,120140,2871,389,Ep. 165 Getting Soft w/ The Booth Boys | Dr. Drew After Dark
16,2 Bears 1 Cave,131.0,2022-05-02,2022,668871,12636,1255,Ep. 131 |  Tom Segura & Bert Kreischer
16,Where My Moms At Podcast,142.0,2022-05-02,2022,58891,1783,269,Ep. 142 Just Ignore It | Where My Moms At?
15,Your Mom's House,654.0,2022-05-04,2022,560906,12036,1745,Your Mom's House Podcast - Ep.654
15,Dr.Drew After Dark,166.0,2022-05-06,2022,114311,2969,350,Ep. 166 Did I Have This? w/ Susan Pinsky | Dr. Drew After Dark
15,2 Bears 1 Cave,132.0,2022-05-09,2022,661613,13287,1854,Ep. 132 |  Mark Normand & Bert Kreischer
15,Where My Moms At Podcast,143.0,2022-05-09,2022,60322,2517,298,Ep. 143 Is There One For That? w/Jessica Kirson | Where My Moms At?
14,Your Mom's House,655.0,2022-05-11,2022,654582,13454,2136,Your Mom's House Podcast w/Brian Simpson - Ep.655
14,Dr.Drew After Dark,167.0,2022-05-13,2022,124035,3665,641,Ep. 167 Team Chad w/ Chad Wallin | Dr. Drew After Dark
14,2 Bears 1 Cave,133.0,2022-05-16,2022,828323,19727,2968,Ep. 133 |  Bert Kreischer & Chris Distefano
14,Where My Moms At Podcast,144.0,2022-05-16,2022,51511,1815,353,Ep. 144 Mad At Batman | Where My Moms At?
1,The Danny Brown Show,1.0,2022-05-17,2022,297540,18770,2202,Ep. 01 | The Danny Brown Show
0,The Danny Brown Show,2.0,2022-05-17,2022,170534,9058,1052,Ep. 02 | The Danny Brown Show
13,Your Mom's House,656.0,2022-05-18,2022,717328,15235,2013,Your Mom's House Podcast w/ Danny Brown - Ep.656
13,Dr.Drew After Dark,168.0,2022-05-20,2022,124857,3292,639,Ep. 168 Team Chris w/ Chris Larson | Dr. Drew After Dark
13,Where My Moms At Podcast,145.0,2022-05-23,2022,45897,1647,437,Ep. 145 Pee Where You Are | Where My Moms At?
13,2 Bears 1 Cave,134.0,2022-05-23,2022,651567,12784,1884,Ep. 134 |  Tom Segura & Bert Kreischer
2,The Danny Brown Show,3.0,2022-05-24,2022,150629,7344,878,Ep. 03 | The Danny Brown Show
12,Your Mom's House,657.0,2022-05-25,2022,613330,12302,1704,"Your Mom's House Podcast w/ Wheeler Walker, Jr. - Ep.657"
12,Dr.Drew After Dark,169.0,2022-05-27,2022,111411,3165,551,Ep. 169 Red Bull & Molly w/ Chase O'Donnell | Dr. Drew After Dark
12,Where My Moms At Podcast,146.0,2022-05-30,2022,50966,1654,321,Ep. 146 Lift Rocks Bro | Where My Moms At?
12,2 Bears 1 Cave,135.0,2022-05-30,2022,776725,13132,1611,Ep. 135 |  Tom Segura & Bert Kreischer
3,The Danny Brown Show,4.0,2022-05-31,2022,143772,6488,765,Ep. 04 | The Danny Brown Show
11,Your Mom's House,658.0,2022-06-01,2022,539478,12614,1909,Your Mom's House Podcast - Ep.658
11,Dr.Drew After Dark,170.0,2022-06-03,2022,105797,2785,342,Ep. 170 Bustin' Ropes w/ The Booth Boys | Dr. Drew After Dark
11,2 Bears 1 Cave,136.0,2022-06-06,2022,885542,16254,2317,Ep. 136 |  Tom Segura & Bert Kreischer
11,Where My Moms At Podcast,147.0,2022-06-06,2022,38362,1474,165,Ep. 147 It's In The Mind w/ Jenny Pentland | Where My Moms At?
4,The Danny Brown Show,5.0,2022-06-07,2022,137454,6403,795,Ep. 05 | The Danny Brown Show
10,Your Mom's House,659.0,2022-06-08,2022,822477,15487,2087,Your Mom's House Podcast w/ Sal Vulcano - Ep.659
10,Dr.Drew After Dark,171.0,2022-06-10,2022,100431,2577,624,Ep. 171 Cold Jerky w/ The Booth Boys | Dr. Drew After Dark
10,2 Bears 1 Cave,137.0,2022-06-13,2022,595267,12796,1313,Ep. 137 |  Tom Segura & Yannis Pappas
10,Where My Moms At Podcast,148.0,2022-06-13,2022,55914,2165,247,Ep. 148 Here's A Boat w/ Rob Iler | Where My Moms At?
5,The Danny Brown Show,6.0,2022-06-14,2022,106199,4926,547,Ep. 06 | The Danny Brown Show
9,Your Mom's House,660.0,2022-06-15,2022,558584,11617,2047,Your Mom's House Podcast - Ep.660
9,Dr.Drew After Dark,172.0,2022-06-17,2022,108079,2773,316,"Ep. 172 I Have A ""Friend"" w/ The Booth Boys | Dr. Drew After Dark"
9,2 Bears 1 Cave,138.0,2022-06-20,2022,996978,21567,2214,Ep. 138 |  Tom Segura & Ron White
9,Where My Moms At Podcast,149.0,2022-06-20,2022,54720,1666,243,Ep. 149 Woke Barbies | Where My Moms At?
6,The Danny Brown Show,7.0,2022-06-21,2022,113450,4738,513,Ep. 07 | The Danny Brown Show
8,Your Mom's House,661.0,2022-06-22,2022,594134,13976,2455,Your Mom's House Podcast - Ep.661 w/ Frankie Quinones
8,Dr.Drew After Dark,173.0,2022-06-24,2022,89324,2472,291,Ep. 173 Please Be My Dad w/ The Booth Boys | Dr. Drew After Dark
8,Where My Moms At Podcast,150.0,2022-06-27,2022,52037,1603,215,Ep. 150 Autism Test | Where My Moms At?
8,2 Bears 1 Cave,139.0,2022-06-27,2022,483776,12891,1701,Ep. 139 |  Tom Segura & Danny Brown
7,The Danny Brown Show,8.0,2022-06-28,2022,131019,5289,733,Ep. 08 | The Danny Brown Show
7,Your Mom's House,662.0,2022-06-29,2022,600773,12195,1824,Your Mom's House Podcast - Ep.662
7,Dr.Drew After Dark,174.0,2022-07-01,2022,107249,2851,366,Ep. 174 Full Of Grifters w/ Rob Iler | Dr. Drew After Dark
7,2 Bears 1 Cave,140.0,2022-07-04,2022,760829,12279,1241,Ep. 140 |  Sal Vulcano & Bert Kreischer
7,Where My Moms At Podcast,151.0,2022-07-04,2022,49779,1675,282,Ep. 151 Gobble It Up | Where My Moms At?
8,The Danny Brown Show,9.0,2022-07-05,2022,124442,5038,616,Ep. 09 | The Danny Brown Show
6,Your Mom's House,663.0,2022-07-06,2022,529161,12195,1729,Your Mom's House Podcast - Ep.663
6,Dr.Drew After Dark,175.0,2022-07-08,2022,96342,2598,464,Ep. 175 Pump It Up w/ The Booth Boys | Dr. Drew After Dark
6,2 Bears 1 Cave,141.0,2022-07-11,2022,585315,14195,1326,Ep. 141 |  Tom Segura & Ryan Sickler
6,Where My Moms At Podcast,152.0,2022-07-11,2022,49318,1570,163,Ep. 152 Off The Clock w/ Kati Morton | Where My Moms At?
9,The Danny Brown Show,10.0,2022-07-12,2022,116096,4286,572,Ep. 10 | The Danny Brown Show
5,Your Mom's House,664.0,2022-07-13,2022,924330,18232,2204,Your Mom's House Podcast - Ep.664 w/ Andrew Santino
5,Dr.Drew After Dark,176.0,2022-07-15,2022,110655,2792,341,Ep. 176 Suction Incomplete w/ The Booth Boys | Dr. Drew After Dark
5,2 Bears 1 Cave,142.0,2022-07-18,2022,464439,10448,1524,Ep. 142 |  Tom Segura & Mark Bell
5,Where My Moms At Podcast,153.0,2022-07-18,2022,65672,2003,222,Ep. 153 Toothless Nannies w/ Jamie Lynn Sigler | Where My Moms At?
10,The Danny Brown Show,11.0,2022-07-19,2022,123442,4520,586,Ep. 11 | The Danny Brown Show
4,Your Mom's House,665.0,2022-07-20,2022,1283997,27306,3844,Your Mom's House Podcast - Ep.665 w/ Andrew Schulz
4,Dr.Drew After Dark,177.0,2022-07-22,2022,130317,3830,485,Ep. 177 Get The Gloves w/ Luis J. Gomez | Dr. Drew After Dark
4,2 Bears 1 Cave,143.0,2022-07-25,2022,972849,19647,2235,Ep. 143 |  Tom Segura & Bert Kreischer
4,Where My Moms At Podcast,154.0,2022-07-25,2022,36642,1316,179,Ep. 154 Fart Hard w/ Jenny Pentland | Where My Moms At?
11,The Danny Brown Show,12.0,2022-07-26,2022,103917,3764,365,Ep. 12 | The Danny Brown Show
3,Your Mom's House,666.0,2022-07-27,2022,982241,20751,3896,Your Mom's House Podcast - Ep.666
3,Dr.Drew After Dark,178.0,2022-07-29,2022,147307,3493,1009,Ep. 178 Butterflies Not Lightning Bolts w/ Lauren Compton | Dr. Drew After Dark
3,Where My Moms At Podcast,155.0,2022-08-01,2022,42162,1526,198,Ep. 155 Luscious Booty | Where My Moms At?
3,2 Bears 1 Cave,144.0,2022-08-01,2022,845524,17127,2380,Ep. 144 |  Tom Segura & Bert Kreischer
12,The Danny Brown Show,13.0,2022-08-02,2022,84787,3494,477,Ep. 13 | The Danny Brown Show
2,Your Mom's House,667.0,2022-08-03,2022,1041595,22548,5596,Your Mom's House Podcast - Ep.667 w/ Bobby Lee & Khalyla Kuhn
2,Dr.Drew After Dark,179.0,2022-08-05,2022,190239,5492,739,Ep. 179 This Is How It Ends? w/ Danny Brown | Dr. Drew After Dark
2,Where My Moms At Podcast,156.0,2022-08-08,2022,85449,2997,276,Ep. 156 I'm On Netflix w/ Ryan Sickler | Where My Moms At?
2,2 Bears 1 Cave,145.0,2022-08-08,2022,687379,16351,7455,Ep. 145 |  Tom Segura & Bert Kreischer
13,The Danny Brown Show,14.0,2022-08-09,2022,95635,3809,460,Ep. 14 | The Danny Brown Show
1,Your Mom's House,668.0,2022-08-10,2022,528873,10756,1588,Your Mom's House Podcast - Ep.668 w/ Greg Garcia
1,Dr.Drew After Dark,180.0,2022-08-12,2022,74933,1944,218,Ep. 180 You Studied Drugs? w/ Doug Mellard | Dr. Drew After Dark
1,2 Bears 1 Cave,146.0,2022-08-15,2022,711363,13342,1718,Ep. 146 |  Andrew Santino & Bert Kreischer
1,Where My Moms At Podcast,157.0,2022-08-15,2022,69458,2555,424,Ep. 157 Goth Not Hot w/ Kreayshawn | Where My Moms At?
14,The Danny Brown Show,15.0,2022-08-16,2022,91728,3818,659,Ep. 15 | The Danny Brown Show
0,Your Mom's House,669.0,2022-08-17,2022,461949,10206,1402,Your Mom's House Podcast - Ep.669 w/ Johnny Pemberton
0,Dr.Drew After Dark,181.0,2022-08-19,2022,87111,2274,348,Ep. 181 Use it Or Lose It w/ Susan Pinsky | Dr. Drew After Dark
0,Where My Moms At Podcast,158.0,2022-08-22,2022,20835,1340,355,Ep. 158 So Much Milk w/ Hila Klein | Where My Moms At?
0,2 Bears 1 Cave,147.0,2022-08-22,2022,162363,4213,1469,Ep. 147 |  Whitney Cummings & Bert Kreischer
